sample_id,question,experiment,chunking_time_s,num_chunks,mrr,map,ndcg_at_k,precision_at_k,recall_at_k,f1_score_at_k,ndcg@1,recall@1,precision@1,f1@1,mrr@1,map@1,ndcg@3,recall@3,precision@3,f1@3,mrr@3,map@3,ndcg@5,recall@5,precision@5,f1@5,mrr@5,map@5,ndcg@10,recall@10,precision@10,f1@10,mrr@10,map@10,ndcg@20,recall@20,precision@20,f1@20,mrr@20,map@20
4987105805278487511,Bones who is the father of angela's baby?,recursive_512_64,0,419888,1.0,1.0,0.46927872602275644,0.05,0.3333333333333333,0.08695652173913045,1.0,0.3333333333333333,1.0,0.5,1.0,1.0,0.46927872602275644,0.3333333333333333,0.3333333333333333,0.3333333333333333,1.0,1.0,0.46927872602275644,0.3333333333333333,0.2,0.25,1.0,1.0,0.46927872602275644,0.3333333333333333,0.1,0.15384615384615383,1.0,1.0,0.46927872602275644,0.3333333333333333,0.05,0.08695652173913045,1.0,1.0
-6593534685836250520,When did health care workers first use chlorine solution to decontaminate hands?,recursive_512_64,0,419888,0.09090909090909091,0.10101010101010101,0.3153733984504394,0.1,1.0,0.18181818181818182,0.0,0.0,0.0,0.0,0.0,0.0,0.0,0.0,0.0,0.0,0.0,0.0,0.0,0.0,0.0,0.0,0.0,0.0,0.0,0.0,0.0,0.0,0.0,0.0,0.3153733984504394,1.0,0.1,0.18181818181818182,0.09090909090909091,0.10101010101010101
163584850516751107,Who sings you put the lime in the coconut?,recursive_512_64,0,419888,1.0,1.0,1.5706417189553201,0.2,2.0,0.36363636363636365,1.0,0.5,1.0,0.6666666666666666,1.0,1.0,1.3065735963827294,1.5,1.0,1.2,1.0,1.0,1.5706417189553201,2.0,0.8,1.142857142857143,1.0,1.0,1.5706417189553201,2.0,0.4,0.6666666666666667,1.0,1.0,1.5706417189553201,2.0,0.2,0.36363636363636365,1.0,1.0
357726708731665296,Who sings you say it best when you say nothing at all?,recursive_512_64,0,419888,1.0,0.9282627865961199,0.8619397744754621,0.45,0.8181818181818182,0.5806451612903226,1.0,0.09090909090909091,1.0,0.16666666666666669,1.0,1.0,1.0,0.2727272727272727,1.0,0.42857142857142855,1.0,1.0,0.8687949224876582,0.36363636363636365,0.8,0.5000000000000001,1.0,1.0,0.914856882358379,0.8181818181818182,0.9,0.8571428571428572,1.0,0.9282627865961199,0.8619397744754621,0.8181818181818182,0.45,0.5806451612903226,1.0,0.9282627865961199
-4822789605010746268,In 1911 congress decided to fix the size of the house at?,recursive_512_64,0,419888,1.0,0.6375850340136054,1.8283761271222918,0.35,3.5,0.6363636363636362,1.0,0.5,1.0,0.6666666666666666,1.0,1.0,0.6131471927654584,0.5,0.3333333333333333,0.4,1.0,1.0,0.8503449055347546,1.0,0.4,0.5714285714285715,1.0,0.7,1.8283761271222918,3.5,0.7,1.1666666666666665,1.0,0.6375850340136054,1.8283761271222918,3.5,0.35,0.6363636363636362,1.0,0.6375850340136054
-4900709700910146568,Who has won the last 10 world series?,recursive_512_64,0,419888,0.16666666666666666,0.5618645587298838,0.8034592205757546,0.75,1.25,0.9375,0.0,0.0,0.0,0.0,0.0,0.0,0.0,0.0,0.0,0.0,0.0,0.0,0.0,0.0,0.0,0.0,0.0,0.0,0.3510684246681534,0.4166666666666667,0.5,0.45454545454545453,0.16666666666666666,0.3543650793650793,0.8034592205757546,1.25,0.75,0.9375,0.16666666666666666,0.5618645587298838
-1014810535517666778,When did conflict start in israel and palestine?,recursive_512_64,0,419888,1.0,0.7232288078401522,2.339543464673306,0.7,4.666666666666667,1.217391304347826,1.0,0.3333333333333333,1.0,0.5,1.0,1.0,0.7653606369886217,0.6666666666666666,0.6666666666666666,0.6666666666666666,1.0,1.0,0.7653606369886217,0.6666666666666666,0.4,0.5,1.0,1.0,1.513907235737619,2.3333333333333335,0.7,1.0769230769230769,1.0,0.7232993197278912,2.339543464673306,4.666666666666667,0.7,1.217391304347826,1.0,0.7232288078401522
1237920926774398276,When's the next time easter falls on april fools day?,recursive_512_64,0,419888,0.1111111111111111,0.33712814962814963,2.1525340240255537,0.4,8.0,0.7619047619047619,0.0,0.0,0.0,0.0,0.0,0.0,0.0,0.0,0.0,0.0,0.0,0.0,0.0,0.0,0.0,0.0,0.0,0.0,0.5900948219818691,2.0,0.2,0.36363636363636365,0.1111111111111111,0.15555555555555556,2.1525340240255537,8.0,0.4,0.7619047619047619,0.1111111111111111,0.33712814962814963
2269457951575222809,What movie was welcome home by radical face in?,recursive_512_64,0,419888,1.0,1.0,0.3903800499921017,0.05,0.25,0.08333333333333334,1.0,0.25,1.0,0.4,1.0,1.0,0.46927872602275644,0.25,0.3333333333333333,0.28571428571428575,1.0,1.0,0.3903800499921017,0.25,0.2,0.22222222222222224,1.0,1.0,0.3903800499921017,0.25,0.1,0.14285714285714288,1.0,1.0,0.3903800499921017,0.25,0.05,0.08333333333333334,1.0,1.0
-6926705067608220856,What led to the end of indus valley civilization?,recursive_512_64,0,419888,0.25,0.40867922926746447,0.6166910892597252,0.35,1.0,0.5185185185185185,0.0,0.0,0.0,0.0,0.0,0.0,0.0,0.0,0.0,0.0,0.0,0.0,0.27727342735504823,0.2857142857142857,0.4,0.3333333333333333,0.25,0.325,0.4053784206408806,0.5714285714285714,0.4,0.47058823529411764,0.25,0.3986111111111111,0.6166910892597252,1.0,0.35,0.5185185185185185,0.25,0.40867922926746447
6113879938573233819,Who has the highest number of likes on instagram?,recursive_512_64,0,419888,0.09090909090909091,0.14161272164368138,0.29588581222387944,0.2,0.6666666666666666,0.30769230769230765,0.0,0.0,0.0,0.0,0.0,0.0,0.0,0.0,0.0,0.0,0.0,0.0,0.0,0.0,0.0,0.0,0.0,0.0,0.0,0.0,0.0,0.0,0.0,0.0,0.29588581222387944,0.6666666666666666,0.2,0.30769230769230765,0.09090909090909091,0.14161272164368138
-3857791602197870808,Who becomes chief of police on the closer?,recursive_512_64,0,419888,1.0,1.0,0.3903800499921017,0.05,0.25,0.08333333333333334,1.0,0.25,1.0,0.4,1.0,1.0,0.46927872602275644,0.25,0.3333333333333333,0.28571428571428575,1.0,1.0,0.3903800499921017,0.25,0.2,0.22222222222222224,1.0,1.0,0.3903800499921017,0.25,0.1,0.14285714285714288,1.0,1.0,0.3903800499921017,0.25,0.05,0.08333333333333334,1.0,1.0
-6102374678194889758,List of highest runs in champion trophy 2017?,recursive_512_64,0,419888,0.0,0.0,0.0,0.0,0.0,0.0,0.0,0.0,0.0,0.0,0.0,0.0,0.0,0.0,0.0,0.0,0.0,0.0,0.0,0.0,0.0,0.0,0.0,0.0,0.0,0.0,0.0,0.0,0.0,0.0,0.0,0.0,0.0,0.0,0.0,0.0
2714015286907845703,Who is clara on when calls the heart?,recursive_512_64,0,419888,0.0,0.0,0.0,0.0,0.0,0.0,0.0,0.0,0.0,0.0,0.0,0.0,0.0,0.0,0.0,0.0,0.0,0.0,0.0,0.0,0.0,0.0,0.0,0.0,0.0,0.0,0.0,0.0,0.0,0.0,0.0,0.0,0.0,0.0,0.0,0.0
-876253858162782258,Most amount of points scored in an nba game?,recursive_512_64,0,419888,0.16666666666666666,0.3354922573317827,0.9501560681172461,0.45,2.25,0.7499999999999999,0.0,0.0,0.0,0.0,0.0,0.0,0.0,0.0,0.0,0.0,0.0,0.0,0.0,0.0,0.0,0.0,0.0,0.0,0.39233405721184117,0.75,0.3,0.4285714285714285,0.16666666666666666,0.27579365079365076,0.9501560681172461,2.25,0.45,0.7499999999999999,0.16666666666666666,0.3354922573317827
-8489723227411518336,Who wrote the assyrian came down like a wolf on the fold?,recursive_512_64,0,419888,1.0,0.75,1.414436999553344,0.2,2.0,0.36363636363636365,1.0,0.5,1.0,0.6666666666666666,1.0,1.0,1.0,1.0,0.6666666666666666,0.8,1.0,1.0,1.2371977127692964,1.5,0.6,0.857142857142857,1.0,0.8666666666666667,1.414436999553344,2.0,0.4,0.6666666666666667,1.0,0.75,1.414436999553344,2.0,0.2,0.36363636363636365,1.0,0.75
3808058542574693217,How many variations of power rangers are there?,recursive_512_64,0,419888,1.0,0.4414011437908496,1.7691639284817335,0.4,4.0,0.7272727272727273,1.0,0.5,1.0,0.6666666666666666,1.0,1.0,0.6131471927654584,0.5,0.3333333333333333,0.4,1.0,1.0,0.6131471927654584,0.5,0.2,0.28571428571428575,1.0,1.0,1.0087939163676702,1.5,0.3,0.49999999999999994,1.0,0.5444444444444444,1.7691639284817335,4.0,0.4,0.7272727272727273,1.0,0.4414011437908496
-7249252321180320967,When was the last burning at the stake in england?,recursive_512_64,0,419888,0.0,0.0,0.0,0.0,0.0,0.0,0.0,0.0,0.0,0.0,0.0,0.0,0.0,0.0,0.0,0.0,0.0,0.0,0.0,0.0,0.0,0.0,0.0,0.0,0.0,0.0,0.0,0.0,0.0,0.0,0.0,0.0,0.0,0.0,0.0,0.0
4440863336369184746,Who had most of asia in its sphere of interest after the treaty of saragossa?,recursive_512_64,0,419888,1.0,0.49074074074074076,0.6133917389836392,0.15,0.75,0.24999999999999997,1.0,0.25,1.0,0.4,1.0,1.0,0.46927872602275644,0.25,0.3333333333333333,0.28571428571428575,1.0,1.0,0.3903800499921017,0.25,0.2,0.22222222222222224,1.0,1.0,0.5078961547485289,0.5,0.2,0.28571428571428575,1.0,0.6111111111111112,0.6133917389836392,0.75,0.15,0.24999999999999997,1.0,0.49074074074074076
-4555140994124022586,When was the first altar built in the bible?,recursive_512_64,0,419888,1.0,1.0,0.6131471927654584,0.05,0.5,0.09090909090909091,1.0,0.5,1.0,0.6666666666666666,1.0,1.0,0.6131471927654584,0.5,0.3333333333333333,0.4,1.0,1.0,0.6131471927654584,0.5,0.2,0.28571428571428575,1.0,1.0,0.6131471927654584,0.5,0.1,0.16666666666666669,1.0,1.0,0.6131471927654584,0.5,0.05,0.09090909090909091,1.0,1.0
7344113401182381737,Who won the 3 point contest last year?,recursive_512_64,0,419888,1.0,0.7805215617715617,0.860854741484735,0.4,0.8888888888888888,0.5517241379310346,1.0,0.1111111111111111,1.0,0.19999999999999998,1.0,1.0,1.0,0.3333333333333333,1.0,0.5,1.0,1.0,0.8687949224876582,0.4444444444444444,0.8,0.5714285714285714,1.0,1.0,0.670037563822468,0.5555555555555556,0.5,0.5263157894736842,1.0,0.9,0.860854741484735,0.8888888888888888,0.4,0.5517241379310346,1.0,0.7805215617715617
3579305903070298684,When did the 12 valve cummins come out?,recursive_512_64,0,419888,0.16666666666666666,0.2876893939393939,1.0544533187782599,0.3,3.0,0.5454545454545454,0.0,0.0,0.0,0.0,0.0,0.0,0.0,0.0,0.0,0.0,0.0,0.0,0.0,0.0,0.0,0.0,0.0,0.0,0.5890731272194828,1.5,0.3,0.49999999999999994,0.16666666666666666,0.23888888888888885,1.0544533187782599,3.0,0.3,0.5454545454545454,0.16666666666666666,0.2876893939393939
8920677267202726172,When was the last time miami won in foxboro?,recursive_512_64,0,419888,1.0,0.7021221136651757,1.4702169643961873,0.55,2.2,0.8800000000000001,1.0,0.2,1.0,0.33333333333333337,1.0,1.0,1.0,0.6,1.0,0.7499999999999999,1.0,1.0,0.8687949224876582,0.8,0.8,0.8000000000000002,1.0,1.0,0.8687949224876582,0.8,0.4,0.5333333333333333,1.0,1.0,1.4702169643961873,2.2,0.55,0.8800000000000001,1.0,0.7021221136651757
-7430688674816652098,Who recorded this guys in love with you?,recursive_512_64,0,419888,1.0,0.875,0.7402849195166222,0.2,0.6666666666666666,0.30769230769230765,1.0,0.16666666666666666,1.0,0.2857142857142857,1.0,1.0,1.0,0.5,1.0,0.6666666666666666,1.0,1.0,0.7227265726449519,0.5,0.6,0.5454545454545454,1.0,1.0,0.7402849195166222,0.6666666666666666,0.4,0.5,1.0,0.875,0.7402849195166222,0.6666666666666666,0.2,0.30769230769230765,1.0,0.875
-5077669686985410335,Who hit the last home run at three rivers stadium?,recursive_512_64,0,419888,0.3333333333333333,0.36666666666666664,0.9135767715045974,0.2,2.0,0.36363636363636365,0.0,0.0,0.0,0.0,0.0,0.0,0.3065735963827292,0.5,0.3333333333333333,0.4,0.3333333333333333,0.3333333333333333,0.5706417189553201,1.0,0.4,0.5714285714285715,0.3333333333333333,0.41666666666666663,0.7478810057393678,1.5,0.3,0.49999999999999994,0.3333333333333333,0.37777777777777777,0.9135767715045974,2.0,0.2,0.36363636363636365,0.3333333333333333,0.36666666666666664
1563058980825104994,Who won the first nascar race at indy?,recursive_512_64,0,419888,0.5,0.3870286576168929,1.143579792342319,0.25,2.5,0.45454545454545453,0.0,0.0,0.0,0.0,0.0,0.0,0.38685280723454163,0.5,0.3333333333333333,0.4,0.5,0.5,0.6509209298071326,1.0,0.4,0.5714285714285715,0.5,0.5,0.8354966265867008,1.5,0.3,0.49999999999999994,0.5,0.4444444444444444,1.143579792342319,2.5,0.25,0.45454545454545453,0.5,0.3870286576168929
6023324052929614087,Who has the best winning percentage in nfl history?,recursive_512_64,0,419888,1.0,0.5691609977324262,0.6342392934077393,0.35,0.7,0.4666666666666667,1.0,0.1,1.0,0.18181818181818182,1.0,1.0,0.46927872602275644,0.1,0.3333333333333333,0.15384615384615383,1.0,1.0,0.4703652827859579,0.2,0.4,0.26666666666666666,1.0,0.7,0.5779050396291792,0.6,0.6,0.6,1.0,0.5806878306878306,0.6342392934077393,0.7,0.35,0.4666666666666667,1.0,0.5691609977324262
-3562941926415682447,You're gonna miss me when i'm gone with cups?,recursive_512_64,0,419888,1.0,0.7696871310507675,2.0691240221060623,0.55,3.6666666666666665,0.9565217391304347,1.0,0.3333333333333333,1.0,0.5,1.0,1.0,0.7653606369886217,0.6666666666666666,0.6666666666666666,0.6666666666666666,1.0,1.0,1.1490097760265219,1.3333333333333333,0.8,1.0,1.0,0.8875,1.5739696778017314,2.3333333333333335,0.7,1.0769230769230769,1.0,0.7916666666666667,2.0691240221060623,3.6666666666666665,0.55,0.9565217391304347,1.0,0.7696871310507675
-6812944997095026577,Who built the first zero turn lawn mower?,recursive_512_64,0,419888,1.0,1.0,0.46927872602275644,0.05,0.3333333333333333,0.08695652173913045,1.0,0.3333333333333333,1.0,0.5,1.0,1.0,0.46927872602275644,0.3333333333333333,0.3333333333333333,0.3333333333333333,1.0,1.0,0.46927872602275644,0.3333333333333333,0.2,0.25,1.0,1.0,0.46927872602275644,0.3333333333333333,0.1,0.15384615384615383,1.0,1.0,0.46927872602275644,0.3333333333333333,0.05,0.08695652173913045,1.0,1.0
5947334106839868987,Who won survivor heroes vs healers vs hustlers?,recursive_512_64,0,419888,1.0,0.9104874904507256,1.6865855332407593,0.6,2.4,0.96,1.0,0.2,1.0,0.33333333333333337,1.0,1.0,1.0,0.6,1.0,0.7499999999999999,1.0,1.0,1.0,1.0,1.0,1.0,1.0,1.0,1.3408578368246302,1.6,0.8,1.0666666666666667,1.0,1.0,1.6865855332407593,2.4,0.6,0.96,1.0,0.9104874904507256
-8985420883431850269,Number of movies released in india every year?,recursive_512_64,0,419888,0.0,0.0,0.0,0.0,0.0,0.0,0.0,0.0,0.0,0.0,0.0,0.0,0.0,0.0,0.0,0.0,0.0,0.0,0.0,0.0,0.0,0.0,0.0,0.0,0.0,0.0,0.0,0.0,0.0,0.0,0.0,0.0,0.0,0.0,0.0,0.0
-629735412357919761,Who shot rick's son in the walking dead?,recursive_512_64,0,419888,1.0,0.9332040690445352,2.1158949701505705,0.85,3.4,1.3599999999999999,1.0,0.2,1.0,0.33333333333333337,1.0,1.0,1.0,0.6,1.0,0.7499999999999999,1.0,1.0,1.0,1.0,1.0,1.0,1.0,1.0,1.4388971226559872,1.8,0.9,1.2,1.0,0.9888888888888889,2.1158949701505705,3.4,0.85,1.3599999999999999,1.0,0.9332040690445352
1788376579913394563,Who used the word psychology for the first time?,recursive_512_64,0,419888,0.1111111111111111,0.1111111111111111,0.06625422345438903,0.05,0.1,0.06666666666666667,0.0,0.0,0.0,0.0,0.0,0.0,0.0,0.0,0.0,0.0,0.0,0.0,0.0,0.0,0.0,0.0,0.0,0.0,0.06625422345438903,0.1,0.1,0.10000000000000002,0.1111111111111111,0.1111111111111111,0.06625422345438903,0.1,0.05,0.06666666666666667,0.1111111111111111,0.1111111111111111
8643312430506346423,Who threw the overalls in mistress murphy's chowder?,recursive_512_64,0,419888,1.0,1.0,0.6131471927654584,0.05,0.5,0.09090909090909091,1.0,0.5,1.0,0.6666666666666666,1.0,1.0,0.6131471927654584,0.5,0.3333333333333333,0.4,1.0,1.0,0.6131471927654584,0.5,0.2,0.28571428571428575,1.0,1.0,0.6131471927654584,0.5,0.1,0.16666666666666669,1.0,1.0,0.6131471927654584,0.5,0.05,0.09090909090909091,1.0,1.0
-6595933575843520860,Who's winning the alabama clemson football game?,recursive_512_64,0,419888,1.0,1.0,4.316720794691817,1.0,10.0,1.8181818181818181,1.0,0.5,1.0,0.6666666666666666,1.0,1.0,1.3065735963827294,1.5,1.0,1.2,1.0,1.0,1.8078394317246163,2.5,1.0,1.4285714285714286,1.0,1.0,2.7858706533121533,5.0,1.0,1.6666666666666667,1.0,1.0,4.316720794691817,10.0,1.0,1.8181818181818181,1.0,1.0
-1850565398832307454,What profile has the most followers on instagram?,recursive_512_64,0,419888,0.058823529411764705,0.1319573443412453,0.572844930779876,0.2,2.0,0.36363636363636365,0.0,0.0,0.0,0.0,0.0,0.0,0.0,0.0,0.0,0.0,0.0,0.0,0.0,0.0,0.0,0.0,0.0,0.0,0.0,0.0,0.0,0.0,0.0,0.0,0.572844930779876,2.0,0.2,0.36363636363636365,0.058823529411764705,0.1319573443412453
5020412065827011434,Who was eliminated on the voice december 12 2017?,recursive_512_64,0,419888,0.0,0.0,0.0,0.0,0.0,0.0,0.0,0.0,0.0,0.0,0.0,0.0,0.0,0.0,0.0,0.0,0.0,0.0,0.0,0.0,0.0,0.0,0.0,0.0,0.0,0.0,0.0,0.0,0.0,0.0,0.0,0.0,0.0,0.0,0.0,0.0
-2421616108468028515,Who was the chairman of the opening and closing ceremonies at the 1960 winter olympics?,recursive_512_64,0,419888,0.0,0.0,0.0,0.0,0.0,0.0,0.0,0.0,0.0,0.0,0.0,0.0,0.0,0.0,0.0,0.0,0.0,0.0,0.0,0.0,0.0,0.0,0.0,0.0,0.0,0.0,0.0,0.0,0.0,0.0,0.0,0.0,0.0,0.0,0.0,0.0
-7557360761999870489,Who has won the most old firm games?,recursive_512_64,0,419888,0.0,0.0,0.0,0.0,0.0,0.0,0.0,0.0,0.0,0.0,0.0,0.0,0.0,0.0,0.0,0.0,0.0,0.0,0.0,0.0,0.0,0.0,0.0,0.0,0.0,0.0,0.0,0.0,0.0,0.0,0.0,0.0,0.0,0.0,0.0,0.0
-5498835325048231687,Who won the ladies roar of the rings?,recursive_512_64,0,419888,0.0,0.0,0.0,0.0,0.0,0.0,0.0,0.0,0.0,0.0,0.0,0.0,0.0,0.0,0.0,0.0,0.0,0.0,0.0,0.0,0.0,0.0,0.0,0.0,0.0,0.0,0.0,0.0,0.0,0.0,0.0,0.0,0.0,0.0,0.0,0.0
8004203303826747554,Who played in the 1998 afl grand final?,recursive_512_64,0,419888,1.0,0.9769472117655509,1.4833681764495303,0.85,1.8888888888888888,1.1724137931034482,1.0,0.1111111111111111,1.0,0.19999999999999998,1.0,1.0,1.0,0.3333333333333333,1.0,0.5,1.0,1.0,1.0,0.5555555555555556,1.0,0.7142857142857143,1.0,1.0,1.0679434009182907,1.1111111111111112,1.0,1.0526315789473684,1.0,1.0,1.4833681764495303,1.8888888888888888,0.85,1.1724137931034482,1.0,0.9769472117655509
4706336055008623881,When was the first government formed in the world?,recursive_512_64,0,419888,0.0,0.0,0.0,0.0,0.0,0.0,0.0,0.0,0.0,0.0,0.0,0.0,0.0,0.0,0.0,0.0,0.0,0.0,0.0,0.0,0.0,0.0,0.0,0.0,0.0,0.0,0.0,0.0,0.0,0.0,0.0,0.0,0.0,0.0,0.0,0.0
-3567115157858987177,When does melinda tell sam she's jim?,recursive_512_64,0,419888,0.2,0.3206349206349206,0.5051284895111403,0.15,1.0,0.2608695652173913,0.0,0.0,0.0,0.0,0.0,0.0,0.0,0.0,0.0,0.0,0.0,0.0,0.18154179253735267,0.3333333333333333,0.2,0.25,0.2,0.2,0.5051284895111403,1.0,0.3,0.4615384615384615,0.2,0.3206349206349206,0.5051284895111403,1.0,0.15,0.2608695652173913,0.2,0.3206349206349206
1582283260958361854,Who led investigation into the legality of apple’s accounting practices during the 2000s?,recursive_512_64,0,419888,0.0,0.0,0.0,0.0,0.0,0.0,0.0,0.0,0.0,0.0,0.0,0.0,0.0,0.0,0.0,0.0,0.0,0.0,0.0,0.0,0.0,0.0,0.0,0.0,0.0,0.0,0.0,0.0,0.0,0.0,0.0,0.0,0.0,0.0,0.0,0.0
-7186473871494873250,Who has the best head to head record against serena williams?,recursive_512_64,0,419888,0.25,0.2380952380952381,0.47026395778153146,0.15,1.0,0.2608695652173913,0.0,0.0,0.0,0.0,0.0,0.0,0.0,0.0,0.0,0.0,0.0,0.0,0.20210734650054757,0.3333333333333333,0.2,0.25,0.25,0.25,0.3501483019834802,0.6666666666666666,0.2,0.30769230769230765,0.25,0.25,0.47026395778153146,1.0,0.15,0.2608695652173913,0.25,0.2380952380952381
6939106340769221477,Recruited alex rogan video gamer to save the galaxy in the last starfighter?,recursive_512_64,0,419888,0.5,0.5833333333333333,0.6934264036172708,0.1,1.0,0.18181818181818182,0.0,0.0,0.0,0.0,0.0,0.0,0.6934264036172708,1.0,0.6666666666666666,0.8,0.5,0.5833333333333333,0.6934264036172708,1.0,0.4,0.5714285714285715,0.5,0.5833333333333333,0.6934264036172708,1.0,0.2,0.33333333333333337,0.5,0.5833333333333333,0.6934264036172708,1.0,0.1,0.18181818181818182,0.5,0.5833333333333333
3670630515927162191,Who has the highest batting average in baseball today?,recursive_512_64,0,419888,1.0,0.6371082621082621,0.7135651817070707,0.3,0.75,0.4285714285714285,1.0,0.125,1.0,0.2222222222222222,1.0,1.0,0.7653606369886217,0.25,0.6666666666666666,0.36363636363636365,1.0,1.0,0.5531464700081437,0.25,0.4,0.3076923076923077,1.0,1.0,0.5787751292623047,0.5,0.4,0.4444444444444445,1.0,0.7361111111111112,0.7135651817070707,0.75,0.3,0.4285714285714285,1.0,0.6371082621082621
7775983008254057747,When was the first road to key west built?,recursive_512_64,0,419888,0.1111111111111111,0.20213675213675214,0.6761446068441886,0.2,2.0,0.36363636363636365,0.0,0.0,0.0,0.0,0.0,0.0,0.0,0.0,0.0,0.0,0.0,0.0,0.0,0.0,0.0,0.0,0.0,0.0,0.36181498356361597,1.0,0.2,0.33333333333333337,0.1111111111111111,0.15555555555555556,0.6761446068441886,2.0,0.2,0.36363636363636365,0.1111111111111111,0.20213675213675214
-1325148824515450104,Who plays rebeccas boyfriend in the a word?,recursive_512_64,0,419888,0.0,0.0,0.0,0.0,0.0,0.0,0.0,0.0,0.0,0.0,0.0,0.0,0.0,0.0,0.0,0.0,0.0,0.0,0.0,0.0,0.0,0.0,0.0,0.0,0.0,0.0,0.0,0.0,0.0,0.0,0.0,0.0,0.0,0.0,0.0,0.0
-6497990441806661535,What is the name of the restaurant that insults you?,recursive_512_64,0,419888,1.0,0.8409090909090909,0.8173329193516161,0.2,0.8,0.32000000000000006,1.0,0.2,1.0,0.33333333333333337,1.0,1.0,1.0,0.6,1.0,0.7499999999999999,1.0,1.0,0.7227265726449519,0.6,0.6,0.6,1.0,1.0,0.7227265726449519,0.6,0.3,0.4,1.0,1.0,0.8173329193516161,0.8,0.2,0.32000000000000006,1.0,0.8409090909090909
1242902672434324284,Everybody loves raymond robert dates 22 year old?,recursive_512_64,0,419888,0.0,0.0,0.0,0.0,0.0,0.0,0.0,0.0,0.0,0.0,0.0,0.0,0.0,0.0,0.0,0.0,0.0,0.0,0.0,0.0,0.0,0.0,0.0,0.0,0.0,0.0,0.0,0.0,0.0,0.0,0.0,0.0,0.0,0.0,0.0,0.0
8480092557592561766,When will the man who killed don quixote be released?,recursive_512_64,0,419888,0.0,0.0,0.0,0.0,0.0,0.0,0.0,0.0,0.0,0.0,0.0,0.0,0.0,0.0,0.0,0.0,0.0,0.0,0.0,0.0,0.0,0.0,0.0,0.0,0.0,0.0,0.0,0.0,0.0,0.0,0.0,0.0,0.0,0.0,0.0,0.0
-8723650390763936267,What is the circulation of the globe and mail?,recursive_512_64,0,419888,0.0,0.0,0.0,0.0,0.0,0.0,0.0,0.0,0.0,0.0,0.0,0.0,0.0,0.0,0.0,0.0,0.0,0.0,0.0,0.0,0.0,0.0,0.0,0.0,0.0,0.0,0.0,0.0,0.0,0.0,0.0,0.0,0.0,0.0,0.0,0.0
3542376138806351681,What phenotype is associated with the genotype 47 xxy?,recursive_512_64,0,419888,0.5,0.5957722832722833,1.5163461524848267,0.3,3.0,0.5454545454545454,0.0,0.0,0.0,0.0,0.0,0.0,0.6934264036172708,1.0,0.6666666666666666,0.8,0.5,0.5833333333333333,0.9574945261898617,1.5,0.6,0.857142857142857,0.5,0.6388888888888888,1.3553033273956185,2.5,0.5,0.8333333333333334,0.5,0.6226190476190476,1.5163461524848267,3.0,0.3,0.5454545454545454,0.5,0.5957722832722833
-6038783773377001158,When did jane and chris win the olympics?,recursive_512_64,0,419888,0.5,0.2715924426450742,0.9950556738197239,0.25,2.5,0.45454545454545453,0.0,0.0,0.0,0.0,0.0,0.0,0.38685280723454163,0.5,0.3333333333333333,0.4,0.5,0.5,0.38685280723454163,0.5,0.2,0.28571428571428575,0.5,0.5,0.38685280723454163,0.5,0.1,0.16666666666666669,0.5,0.5,0.9950556738197239,2.5,0.25,0.45454545454545453,0.5,0.2715924426450742
-6007347717208405010,Why is there a moon on the outhouse door?,recursive_512_64,0,419888,1.0,1.0,1.0,0.1,1.0,0.18181818181818182,1.0,0.5,1.0,0.6666666666666666,1.0,1.0,1.0,1.0,0.6666666666666666,0.8,1.0,1.0,1.0,1.0,0.4,0.5714285714285715,1.0,1.0,1.0,1.0,0.2,0.33333333333333337,1.0,1.0,1.0,1.0,0.1,0.18181818181818182,1.0,1.0
-3192820892937884675,Who is the winner of zumbo's just desserts?,recursive_512_64,0,419888,0.0,0.0,0.0,0.0,0.0,0.0,0.0,0.0,0.0,0.0,0.0,0.0,0.0,0.0,0.0,0.0,0.0,0.0,0.0,0.0,0.0,0.0,0.0,0.0,0.0,0.0,0.0,0.0,0.0,0.0,0.0,0.0,0.0,0.0,0.0,0.0
-8587207002552933804,Real world cast go big or go home?,recursive_512_64,0,419888,0.5,0.5438492063492063,0.7031929213206056,0.3,1.0,0.4615384615384615,0.0,0.0,0.0,0.0,0.0,0.0,0.2960819109658652,0.16666666666666666,0.3333333333333333,0.2222222222222222,0.5,0.5,0.34519134224686937,0.3333333333333333,0.4,0.3636363636363636,0.5,0.45,0.7031929213206056,1.0,0.6,0.7499999999999999,0.5,0.5438492063492063,0.7031929213206056,1.0,0.3,0.4615384615384615,0.5,0.5438492063492063
1681931166694925579,When did they get rid of figures in figure skating?,recursive_512_64,0,419888,1.0,0.5666666666666667,0.5865984075284455,0.1,0.6666666666666666,0.1739130434782609,1.0,0.3333333333333333,1.0,0.5,1.0,1.0,0.46927872602275644,0.3333333333333333,0.3333333333333333,0.3333333333333333,1.0,1.0,0.46927872602275644,0.3333333333333333,0.2,0.25,1.0,1.0,0.46927872602275644,0.3333333333333333,0.1,0.15384615384615383,1.0,1.0,0.5865984075284455,0.6666666666666666,0.1,0.1739130434782609,1.0,0.5666666666666667
7391126470541357472,When do doug and carol get married in er?,recursive_512_64,0,419888,0.0,0.0,0.0,0.0,0.0,0.0,0.0,0.0,0.0,0.0,0.0,0.0,0.0,0.0,0.0,0.0,0.0,0.0,0.0,0.0,0.0,0.0,0.0,0.0,0.0,0.0,0.0,0.0,0.0,0.0,0.0,0.0,0.0,0.0,0.0,0.0
3475080409674051393,What country has the lowest rate of homelessness?,recursive_512_64,0,419888,0.3333333333333333,0.35247133818562393,0.7335056700547153,0.35,1.4,0.5599999999999999,0.0,0.0,0.0,0.0,0.0,0.0,0.23463936301137822,0.2,0.3333333333333333,0.25,0.3333333333333333,0.3333333333333333,0.16958010263680806,0.2,0.2,0.20000000000000004,0.3333333333333333,0.3333333333333333,0.3896266367619438,0.6,0.3,0.4,0.3333333333333333,0.33134920634920634,0.7335056700547153,1.4,0.35,0.5599999999999999,0.3333333333333333,0.35247133818562393
-1696066045378969622,Who sings what condition my condition is in?,recursive_512_64,0,419888,1.0,1.0,1.3065735963827294,0.15,1.5,0.2727272727272727,1.0,0.5,1.0,0.6666666666666666,1.0,1.0,1.3065735963827294,1.5,1.0,1.2,1.0,1.0,1.3065735963827294,1.5,0.6,0.857142857142857,1.0,1.0,1.3065735963827294,1.5,0.3,0.49999999999999994,1.0,1.0,1.3065735963827294,1.5,0.15,0.2727272727272727,1.0,1.0
4987105805278487511,Bones who is the father of angela's baby?,fixed_512_0,0,338114,0.0,0.0,0.0,0.0,0.0,0.0,0.0,0.0,0.0,0.0,0.0,0.0,0.0,0.0,0.0,0.0,0.0,0.0,0.0,0.0,0.0,0.0,0.0,0.0,0.0,0.0,0.0,0.0,0.0,0.0,0.0,0.0,0.0,0.0,0.0,0.0
-6593534685836250520,When did health care workers first use chlorine solution to decontaminate hands?,fixed_512_0,0,338114,0.5,0.3245065789473684,0.9159262149781698,0.2,2.0,0.36363636363636365,0.0,0.0,0.0,0.0,0.0,0.0,0.38685280723454163,0.5,0.3333333333333333,0.4,0.5,0.5,0.6240505200038379,1.0,0.4,0.5714285714285715,0.5,0.45,0.6240505200038379,1.0,0.2,0.33333333333333337,0.5,0.45,0.9159262149781698,2.0,0.2,0.36363636363636365,0.5,0.3245065789473684
163584850516751107,Who sings you put the lime in the coconut?,fixed_512_0,0,338114,1.0,1.0,1.0,0.1,1.0,0.18181818181818182,1.0,0.5,1.0,0.6666666666666666,1.0,1.0,1.0,1.0,0.6666666666666666,0.8,1.0,1.0,1.0,1.0,0.4,0.5714285714285715,1.0,1.0,1.0,1.0,0.2,0.33333333333333337,1.0,1.0,1.0,1.0,0.1,0.18181818181818182,1.0,1.0
357726708731665296,Who sings you say it best when you say nothing at all?,fixed_512_0,0,338114,1.0,0.9097744360902256,0.7332385369873264,0.35,0.6363636363636364,0.45161290322580644,1.0,0.09090909090909091,1.0,0.16666666666666669,1.0,1.0,1.0,0.2727272727272727,1.0,0.42857142857142855,1.0,1.0,1.0,0.45454545454545453,1.0,0.625,1.0,1.0,0.727329844310522,0.5454545454545454,0.6,0.5714285714285713,1.0,1.0,0.7332385369873264,0.6363636363636364,0.35,0.45161290322580644,1.0,0.9097744360902256
-4822789605010746268,In 1911 congress decided to fix the size of the house at?,fixed_512_0,0,338114,0.25,0.3546031746031746,1.0298193035746919,0.25,2.5,0.45454545454545453,0.0,0.0,0.0,0.0,0.0,0.0,0.0,0.0,0.0,0.0,0.0,0.0,0.5012658353418871,1.0,0.4,0.5714285714285715,0.25,0.325,0.8902239297099414,2.0,0.4,0.6666666666666667,0.25,0.38075396825396823,1.0298193035746919,2.5,0.25,0.45454545454545453,0.25,0.3546031746031746
-4900709700910146568,Who has won the last 10 world series?,fixed_512_0,0,338114,1.0,0.9071365092731394,1.2842335990478586,0.95,1.5833333333333333,1.1874999999999998,1.0,0.08333333333333333,1.0,0.15384615384615385,1.0,1.0,0.7653606369886217,0.16666666666666666,0.6666666666666666,0.26666666666666666,1.0,1.0,0.830419897363192,0.3333333333333333,0.8,0.47058823529411764,1.0,0.8875,0.8899541168509599,0.75,0.9,0.8181818181818182,1.0,0.8782627865961198,1.2842335990478586,1.5833333333333333,0.95,1.1874999999999998,1.0,0.9071365092731394
-1014810535517666778,When did conflict start in israel and palestine?,fixed_512_0,0,338114,1.0,0.5883619383425884,1.9575699910250262,0.6,4.0,1.0434782608695652,1.0,0.3333333333333333,1.0,0.5,1.0,1.0,0.46927872602275644,0.3333333333333333,0.3333333333333333,0.3333333333333333,1.0,1.0,0.8529278650606567,1.0,0.6,0.7499999999999999,1.0,0.7000000000000001,1.1573950625511749,1.6666666666666667,0.5,0.7692307692307692,1.0,0.6592857142857144,1.9575699910250262,4.0,0.6,1.0434782608695652,1.0,0.5883619383425884
1237920926774398276,When's the next time easter falls on april fools day?,fixed_512_0,0,338114,0.08333333333333333,0.2108262108262108,1.4906173936463307,0.3,6.0,0.5714285714285714,0.0,0.0,0.0,0.0,0.0,0.0,0.0,0.0,0.0,0.0,0.0,0.0,0.0,0.0,0.0,0.0,0.0,0.0,0.0,0.0,0.0,0.0,0.0,0.0,1.4906173936463307,6.0,0.3,0.5714285714285714,0.08333333333333333,0.2108262108262108
2269457951575222809,What movie was welcome home by radical face in?,fixed_512_0,0,338114,1.0,1.0,0.3903800499921017,0.05,0.25,0.08333333333333334,1.0,0.25,1.0,0.4,1.0,1.0,0.46927872602275644,0.25,0.3333333333333333,0.28571428571428575,1.0,1.0,0.3903800499921017,0.25,0.2,0.22222222222222224,1.0,1.0,0.3903800499921017,0.25,0.1,0.14285714285714288,1.0,1.0,0.3903800499921017,0.25,0.05,0.08333333333333334,1.0,1.0
-6926705067608220856,What led to the end of indus valley civilization?,fixed_512_0,0,338114,0.5,0.5511846405228759,0.8076283937286467,0.4,1.1428571428571428,0.5925925925925927,0.0,0.0,0.0,0.0,0.0,0.0,0.5307212739772434,0.2857142857142857,0.6666666666666666,0.4,0.5,0.5833333333333333,0.5296347172140421,0.42857142857142855,0.6,0.5,0.5,0.6388888888888888,0.5987084662001876,0.7142857142857143,0.5,0.588235294117647,0.5,0.5944444444444444,0.8076283937286467,1.1428571428571428,0.4,0.5925925925925927,0.5,0.5511846405228759
6113879938573233819,Who has the highest number of likes on instagram?,fixed_512_0,0,338114,0.0,0.0,0.0,0.0,0.0,0.0,0.0,0.0,0.0,0.0,0.0,0.0,0.0,0.0,0.0,0.0,0.0,0.0,0.0,0.0,0.0,0.0,0.0,0.0,0.0,0.0,0.0,0.0,0.0,0.0,0.0,0.0,0.0,0.0,0.0,0.0
-3857791602197870808,Who becomes chief of police on the closer?,fixed_512_0,0,338114,1.0,0.5909090909090909,0.49927381106033386,0.1,0.5,0.16666666666666669,1.0,0.25,1.0,0.4,1.0,1.0,0.46927872602275644,0.25,0.3333333333333333,0.28571428571428575,1.0,1.0,0.3903800499921017,0.25,0.2,0.22222222222222224,1.0,1.0,0.3903800499921017,0.25,0.1,0.14285714285714288,1.0,1.0,0.49927381106033386,0.5,0.1,0.16666666666666669,1.0,0.5909090909090909
-6102374678194889758,List of highest runs in champion trophy 2017?,fixed_512_0,0,338114,0.0,0.0,0.0,0.0,0.0,0.0,0.0,0.0,0.0,0.0,0.0,0.0,0.0,0.0,0.0,0.0,0.0,0.0,0.0,0.0,0.0,0.0,0.0,0.0,0.0,0.0,0.0,0.0,0.0,0.0,0.0,0.0,0.0,0.0,0.0,0.0
2714015286907845703,Who is clara on when calls the heart?,fixed_512_0,0,338114,0.0,0.0,0.0,0.0,0.0,0.0,0.0,0.0,0.0,0.0,0.0,0.0,0.0,0.0,0.0,0.0,0.0,0.0,0.0,0.0,0.0,0.0,0.0,0.0,0.0,0.0,0.0,0.0,0.0,0.0,0.0,0.0,0.0,0.0,0.0,0.0
-876253858162782258,Most amount of points scored in an nba game?,fixed_512_0,0,338114,0.5,0.6029682792840688,1.2821189571983425,0.45,2.25,0.7499999999999999,0.0,0.0,0.0,0.0,0.0,0.0,0.5307212739772434,0.5,0.6666666666666666,0.5714285714285715,0.5,0.5833333333333333,0.7606395682357036,1.0,0.8,0.888888888888889,0.5,0.6791666666666667,0.9910008143410659,1.5,0.6,0.857142857142857,0.5,0.6453703703703704,1.2821189571983425,2.25,0.45,0.7499999999999999,0.5,0.6029682792840688
-8489723227411518336,Who wrote the assyrian came down like a wolf on the fold?,fixed_512_0,0,338114,1.0,1.0,1.0,0.1,1.0,0.18181818181818182,1.0,0.5,1.0,0.6666666666666666,1.0,1.0,1.0,1.0,0.6666666666666666,0.8,1.0,1.0,1.0,1.0,0.4,0.5714285714285715,1.0,1.0,1.0,1.0,0.2,0.33333333333333337,1.0,1.0,1.0,1.0,0.1,0.18181818181818182,1.0,1.0
3808058542574693217,How many variations of power rangers are there?,fixed_512_0,0,338114,1.0,0.7867424242424242,1.865725323026876,0.3,3.0,0.5454545454545454,1.0,0.5,1.0,0.6666666666666666,1.0,1.0,1.0,1.0,0.6666666666666666,0.8,1.0,1.0,1.501265835341887,2.0,0.8,1.142857142857143,1.0,0.8875,1.6946922389591579,2.5,0.5,0.8333333333333334,1.0,0.835,1.865725323026876,3.0,0.3,0.5454545454545454,1.0,0.7867424242424242
-7249252321180320967,When was the last burning at the stake in england?,fixed_512_0,0,338114,0.08333333333333333,0.08333333333333333,0.16569576576522954,0.05,0.5,0.09090909090909091,0.0,0.0,0.0,0.0,0.0,0.0,0.0,0.0,0.0,0.0,0.0,0.0,0.0,0.0,0.0,0.0,0.0,0.0,0.0,0.0,0.0,0.0,0.0,0.0,0.16569576576522954,0.5,0.05,0.09090909090909091,0.08333333333333333,0.08333333333333333
4440863336369184746,Who had most of asia in its sphere of interest after the treaty of saragossa?,fixed_512_0,0,338114,1.0,0.43358395989974935,0.8282691830207546,0.25,1.25,0.4166666666666667,1.0,0.25,1.0,0.4,1.0,1.0,0.46927872602275644,0.25,0.3333333333333333,0.28571428571428575,1.0,1.0,0.3903800499921017,0.25,0.2,0.22222222222222224,1.0,1.0,0.6380228380792293,0.75,0.3,0.4285714285714285,1.0,0.5396825396825397,0.8282691830207546,1.25,0.25,0.4166666666666667,1.0,0.43358395989974935
-4555140994124022586,When was the first altar built in the bible?,fixed_512_0,0,338114,1.0,0.39674922600619195,1.0792957220819104,0.2,2.0,0.36363636363636365,1.0,0.5,1.0,0.6666666666666666,1.0,1.0,0.6131471927654584,0.5,0.3333333333333333,0.4,1.0,1.0,0.6131471927654584,0.5,0.2,0.28571428571428575,1.0,1.0,0.7903864795495061,1.0,0.2,0.33333333333333337,1.0,0.6,1.0792957220819104,2.0,0.2,0.36363636363636365,1.0,0.39674922600619195
7344113401182381737,Who won the 3 point contest last year?,fixed_512_0,0,338114,1.0,0.7666900093370682,0.7879414485295297,0.35,0.7777777777777778,0.48275862068965514,1.0,0.1111111111111111,1.0,0.19999999999999998,1.0,1.0,1.0,0.3333333333333333,1.0,0.5,1.0,1.0,0.8687949224876582,0.4444444444444444,0.8,0.5714285714285714,1.0,1.0,0.6762427781892519,0.5555555555555556,0.5,0.5263157894736842,1.0,0.925,0.7879414485295297,0.7777777777777778,0.35,0.48275862068965514,1.0,0.7666900093370682
3579305903070298684,When did the 12 valve cummins come out?,fixed_512_0,0,338114,0.5,0.29505411255411257,1.018119426979892,0.25,2.5,0.45454545454545453,0.0,0.0,0.0,0.0,0.0,0.0,0.38685280723454163,0.5,0.3333333333333333,0.4,0.5,0.5,0.38685280723454163,0.5,0.2,0.28571428571428575,0.5,0.5,0.38685280723454163,0.5,0.1,0.16666666666666669,0.5,0.5,1.018119426979892,2.5,0.25,0.45454545454545453,0.5,0.29505411255411257
8920677267202726172,When was the last time miami won in foxboro?,fixed_512_0,0,338114,1.0,0.4653069153069153,0.8195332683254686,0.3,1.2,0.48,1.0,0.2,1.0,0.33333333333333337,1.0,1.0,0.46927872602275644,0.2,0.3333333333333333,0.25,1.0,1.0,0.3391602052736161,0.2,0.2,0.20000000000000004,1.0,1.0,0.544192623472237,0.6,0.3,0.4,1.0,0.5166666666666667,0.8195332683254686,1.2,0.3,0.48,1.0,0.4653069153069153
-7430688674816652098,Who recorded this guys in love with you?,fixed_512_0,0,338114,1.0,1.0,0.30260241349881345,0.05,0.16666666666666666,0.07692307692307691,1.0,0.16666666666666666,1.0,0.2857142857142857,1.0,1.0,0.46927872602275644,0.16666666666666666,0.3333333333333333,0.2222222222222222,1.0,1.0,0.3391602052736161,0.16666666666666666,0.2,0.1818181818181818,1.0,1.0,0.30260241349881345,0.16666666666666666,0.1,0.125,1.0,1.0,0.30260241349881345,0.16666666666666666,0.05,0.07692307692307691,1.0,1.0
-5077669686985410335,Who hit the last home run at three rivers stadium?,fixed_512_0,0,338114,0.14285714285714285,0.24404761904761904,0.7323912910936631,0.2,2.0,0.36363636363636365,0.0,0.0,0.0,0.0,0.0,0.0,0.0,0.0,0.0,0.0,0.0,0.0,0.0,0.0,0.0,0.0,0.0,0.0,0.5823844979853252,1.5,0.3,0.49999999999999994,0.14285714285714285,0.24206349206349206,0.7323912910936631,2.0,0.2,0.36363636363636365,0.14285714285714285,0.24404761904761904
1563058980825104994,Who won the first nascar race at indy?,fixed_512_0,0,338114,1.0,0.5300137362637363,1.885119040164244,0.4,4.0,0.7272727272727273,1.0,0.5,1.0,0.6666666666666666,1.0,1.0,0.6131471927654584,0.5,0.3333333333333333,0.4,1.0,1.0,0.8503449055347546,1.0,0.4,0.5714285714285715,1.0,0.7,1.2481537067405115,2.0,0.4,0.6666666666666667,1.0,0.5821428571428571,1.885119040164244,4.0,0.4,0.7272727272727273,1.0,0.5300137362637363
6023324052929614087,Who has the best winning percentage in nfl history?,fixed_512_0,0,338114,1.0,0.7366927326486149,0.997511423759368,0.6,1.2,0.8,1.0,0.1,1.0,0.18181818181818182,1.0,1.0,0.7039180890341347,0.2,0.6666666666666666,0.30769230769230765,1.0,0.8333333333333333,0.7860137352654724,0.4,0.8,0.5333333333333333,1.0,0.8041666666666667,0.7827392871477702,0.8,0.8,0.8000000000000002,1.0,0.7823412698412698,0.997511423759368,1.2,0.6,0.8,1.0,0.7366927326486149
-3562941926415682447,You're gonna miss me when i'm gone with cups?,fixed_512_0,0,338114,1.0,0.8679352510234862,2.050728081349003,0.5,3.3333333333333335,0.8695652173913043,1.0,0.3333333333333333,1.0,0.5,1.0,1.0,1.0,1.0,1.0,1.0,1.0,1.0,1.3836491390379002,1.6666666666666667,1.0,1.25,1.0,1.0,1.6881163365284184,2.3333333333333335,0.7,1.0769230769230769,1.0,0.961734693877551,2.050728081349003,3.3333333333333335,0.5,0.8695652173913043,1.0,0.8679352510234862
-6812944997095026577,Who built the first zero turn lawn mower?,fixed_512_0,0,338114,0.5,0.5833333333333333,0.5307212739772434,0.1,0.6666666666666666,0.1739130434782609,0.0,0.0,0.0,0.0,0.0,0.0,0.5307212739772434,0.6666666666666666,0.6666666666666666,0.6666666666666666,0.5,0.5833333333333333,0.5307212739772434,0.6666666666666666,0.4,0.5,0.5,0.5833333333333333,0.5307212739772434,0.6666666666666666,0.2,0.30769230769230765,0.5,0.5833333333333333,0.5307212739772434,0.6666666666666666,0.1,0.1739130434782609,0.5,0.5833333333333333
5947334106839868987,Who won survivor heroes vs healers vs hustlers?,fixed_512_0,0,338114,1.0,0.9099154566857915,1.5932638440571756,0.55,2.2,0.8800000000000001,1.0,0.2,1.0,0.33333333333333337,1.0,1.0,1.0,0.6,1.0,0.7499999999999999,1.0,1.0,1.0,1.0,1.0,1.0,1.0,1.0,1.4201832150794047,1.8,0.9,1.2,1.0,0.9467813051146384,1.5932638440571756,2.2,0.55,0.8800000000000001,1.0,0.9099154566857915
-8985420883431850269,Number of movies released in india every year?,fixed_512_0,0,338114,0.0,0.0,0.0,0.0,0.0,0.0,0.0,0.0,0.0,0.0,0.0,0.0,0.0,0.0,0.0,0.0,0.0,0.0,0.0,0.0,0.0,0.0,0.0,0.0,0.0,0.0,0.0,0.0,0.0,0.0,0.0,0.0,0.0,0.0,0.0,0.0
-629735412357919761,Who shot rick's son in the walking dead?,fixed_512_0,0,338114,1.0,0.8579004841799929,1.9824188018281603,0.8,3.2,1.2800000000000002,1.0,0.2,1.0,0.33333333333333337,1.0,1.0,1.0,0.6,1.0,0.7499999999999999,1.0,1.0,1.0,1.0,1.0,1.0,1.0,1.0,1.3071298133215326,1.6,0.8,1.0666666666666667,1.0,0.9159722222222222,1.9824188018281603,3.2,0.8,1.2800000000000002,1.0,0.8579004841799929
1788376579913394563,Who used the word psychology for the first time?,fixed_512_0,0,338114,0.0,0.0,0.0,0.0,0.0,0.0,0.0,0.0,0.0,0.0,0.0,0.0,0.0,0.0,0.0,0.0,0.0,0.0,0.0,0.0,0.0,0.0,0.0,0.0,0.0,0.0,0.0,0.0,0.0,0.0,0.0,0.0,0.0,0.0,0.0,0.0
8643312430506346423,Who threw the overalls in mistress murphy's chowder?,fixed_512_0,0,338114,1.0,1.0,0.6131471927654584,0.05,0.5,0.09090909090909091,1.0,0.5,1.0,0.6666666666666666,1.0,1.0,0.6131471927654584,0.5,0.3333333333333333,0.4,1.0,1.0,0.6131471927654584,0.5,0.2,0.28571428571428575,1.0,1.0,0.6131471927654584,0.5,0.1,0.16666666666666669,1.0,1.0,0.6131471927654584,0.5,0.05,0.09090909090909091,1.0,1.0
-6595933575843520860,Who's winning the alabama clemson football game?,fixed_512_0,0,338114,1.0,1.0,4.316720794691817,1.0,10.0,1.8181818181818181,1.0,0.5,1.0,0.6666666666666666,1.0,1.0,1.3065735963827294,1.5,1.0,1.2,1.0,1.0,1.8078394317246163,2.5,1.0,1.4285714285714286,1.0,1.0,2.7858706533121533,5.0,1.0,1.6666666666666667,1.0,1.0,4.316720794691817,10.0,1.0,1.8181818181818181,1.0,1.0
-1850565398832307454,What profile has the most followers on instagram?,fixed_512_0,0,338114,0.0,0.0,0.0,0.0,0.0,0.0,0.0,0.0,0.0,0.0,0.0,0.0,0.0,0.0,0.0,0.0,0.0,0.0,0.0,0.0,0.0,0.0,0.0,0.0,0.0,0.0,0.0,0.0,0.0,0.0,0.0,0.0,0.0,0.0,0.0,0.0
5020412065827011434,Who was eliminated on the voice december 12 2017?,fixed_512_0,0,338114,0.5,0.5,0.2960819109658652,0.05,0.3333333333333333,0.08695652173913045,0.0,0.0,0.0,0.0,0.0,0.0,0.2960819109658652,0.3333333333333333,0.3333333333333333,0.3333333333333333,0.5,0.5,0.2960819109658652,0.3333333333333333,0.2,0.25,0.5,0.5,0.2960819109658652,0.3333333333333333,0.1,0.15384615384615383,0.5,0.5,0.2960819109658652,0.3333333333333333,0.05,0.08695652173913045,0.5,0.5
-2421616108468028515,Who was the chairman of the opening and closing ceremonies at the 1960 winter olympics?,fixed_512_0,0,338114,0.0,0.0,0.0,0.0,0.0,0.0,0.0,0.0,0.0,0.0,0.0,0.0,0.0,0.0,0.0,0.0,0.0,0.0,0.0,0.0,0.0,0.0,0.0,0.0,0.0,0.0,0.0,0.0,0.0,0.0,0.0,0.0,0.0,0.0,0.0,0.0
-7557360761999870489,Who has won the most old firm games?,fixed_512_0,0,338114,0.09090909090909091,0.27059390189642285,0.5453657046541993,0.35,1.1666666666666667,0.5384615384615384,0.0,0.0,0.0,0.0,0.0,0.0,0.0,0.0,0.0,0.0,0.0,0.0,0.0,0.0,0.0,0.0,0.0,0.0,0.0,0.0,0.0,0.0,0.0,0.0,0.5453657046541993,1.1666666666666667,0.35,0.5384615384615384,0.09090909090909091,0.27059390189642285
-5498835325048231687,Who won the ladies roar of the rings?,fixed_512_0,0,338114,0.0,0.0,0.0,0.0,0.0,0.0,0.0,0.0,0.0,0.0,0.0,0.0,0.0,0.0,0.0,0.0,0.0,0.0,0.0,0.0,0.0,0.0,0.0,0.0,0.0,0.0,0.0,0.0,0.0,0.0,0.0,0.0,0.0,0.0,0.0,0.0
8004203303826747554,Who played in the 1998 afl grand final?,fixed_512_0,0,338114,1.0,0.9546751429684865,1.5286961717542327,0.9,2.0,1.2413793103448276,1.0,0.1111111111111111,1.0,0.19999999999999998,1.0,1.0,1.0,0.3333333333333333,1.0,0.5,1.0,1.0,1.0,0.5555555555555556,1.0,0.7142857142857143,1.0,1.0,0.9971876401972101,1.0,0.9,0.9473684210526316,1.0,0.9888888888888889,1.5286961717542327,2.0,0.9,1.2413793103448276,1.0,0.9546751429684865
4706336055008623881,When was the first government formed in the world?,fixed_512_0,0,338114,0.1,0.1,0.13565197343244778,0.05,0.3333333333333333,0.08695652173913045,0.0,0.0,0.0,0.0,0.0,0.0,0.0,0.0,0.0,0.0,0.0,0.0,0.0,0.0,0.0,0.0,0.0,0.0,0.13565197343244778,0.3333333333333333,0.1,0.15384615384615383,0.1,0.1,0.13565197343244778,0.3333333333333333,0.05,0.08695652173913045,0.1,0.1
-3567115157858987177,When does melinda tell sam she's jim?,fixed_512_0,0,338114,0.0,0.0,0.0,0.0,0.0,0.0,0.0,0.0,0.0,0.0,0.0,0.0,0.0,0.0,0.0,0.0,0.0,0.0,0.0,0.0,0.0,0.0,0.0,0.0,0.0,0.0,0.0,0.0,0.0,0.0,0.0,0.0,0.0,0.0,0.0,0.0
1582283260958361854,Who led investigation into the legality of apple’s accounting practices during the 2000s?,fixed_512_0,0,338114,0.0,0.0,0.0,0.0,0.0,0.0,0.0,0.0,0.0,0.0,0.0,0.0,0.0,0.0,0.0,0.0,0.0,0.0,0.0,0.0,0.0,0.0,0.0,0.0,0.0,0.0,0.0,0.0,0.0,0.0,0.0,0.0,0.0,0.0,0.0,0.0
-7186473871494873250,Who has the best head to head record against serena williams?,fixed_512_0,0,338114,0.16666666666666666,0.3179563492063492,0.6128946253165494,0.2,1.3333333333333333,0.3478260869565218,0.0,0.0,0.0,0.0,0.0,0.0,0.0,0.0,0.0,0.0,0.0,0.0,0.0,0.0,0.0,0.0,0.0,0.0,0.6128946253165494,1.3333333333333333,0.4,0.6153846153846153,0.16666666666666666,0.3179563492063492,0.6128946253165494,1.3333333333333333,0.2,0.3478260869565218,0.16666666666666666,0.3179563492063492
6939106340769221477,Recruited alex rogan video gamer to save the galaxy in the last starfighter?,fixed_512_0,0,338114,1.0,0.5555555555555556,0.7574875071481796,0.1,1.0,0.18181818181818182,1.0,0.5,1.0,0.6666666666666666,1.0,1.0,0.6131471927654584,0.5,0.3333333333333333,0.4,1.0,1.0,0.6131471927654584,0.5,0.2,0.28571428571428575,1.0,1.0,0.6131471927654584,0.5,0.1,0.16666666666666669,1.0,1.0,0.7574875071481796,1.0,0.1,0.18181818181818182,1.0,0.5555555555555556
3670630515927162191,Who has the highest batting average in baseball today?,fixed_512_0,0,338114,1.0,0.4165158371040724,0.4531536379356648,0.2,0.5,0.28571428571428575,1.0,0.125,1.0,0.2222222222222222,1.0,1.0,0.46927872602275644,0.125,0.3333333333333333,0.18181818181818182,1.0,1.0,0.3391602052736161,0.125,0.2,0.15384615384615385,1.0,1.0,0.32605954121156705,0.25,0.2,0.22222222222222224,1.0,0.6,0.4531536379356648,0.5,0.2,0.28571428571428575,1.0,0.4165158371040724
7775983008254057747,When was the first road to key west built?,fixed_512_0,0,338114,0.5,0.38066378066378065,1.1250160400916311,0.25,2.5,0.45454545454545453,0.0,0.0,0.0,0.0,0.0,0.0,0.38685280723454163,0.5,0.3333333333333333,0.4,0.5,0.5,0.38685280723454163,0.5,0.2,0.28571428571428575,0.5,0.5,0.8096426416411918,1.5,0.3,0.49999999999999994,0.5,0.42063492063492064,1.1250160400916311,2.5,0.25,0.45454545454545453,0.5,0.38066378066378065
-1325148824515450104,Who plays rebeccas boyfriend in the a word?,fixed_512_0,0,338114,0.0,0.0,0.0,0.0,0.0,0.0,0.0,0.0,0.0,0.0,0.0,0.0,0.0,0.0,0.0,0.0,0.0,0.0,0.0,0.0,0.0,0.0,0.0,0.0,0.0,0.0,0.0,0.0,0.0,0.0,0.0,0.0,0.0,0.0,0.0,0.0
-6497990441806661535,What is the name of the restaurant that insults you?,fixed_512_0,0,338114,1.0,0.7048229548229549,1.1041135088716814,0.35,1.4,0.5599999999999999,1.0,0.2,1.0,0.33333333333333337,1.0,1.0,1.0,0.6,1.0,0.7499999999999999,1.0,1.0,0.7227265726449519,0.6,0.6,0.6,1.0,1.0,0.843537875344446,0.8,0.4,0.5333333333333333,1.0,0.9166666666666666,1.1041135088716814,1.4,0.35,0.5599999999999999,1.0,0.7048229548229549
1242902672434324284,Everybody loves raymond robert dates 22 year old?,fixed_512_0,0,338114,0.05263157894736842,0.05263157894736842,0.09032543842038994,0.05,0.25,0.08333333333333334,0.0,0.0,0.0,0.0,0.0,0.0,0.0,0.0,0.0,0.0,0.0,0.0,0.0,0.0,0.0,0.0,0.0,0.0,0.0,0.0,0.0,0.0,0.0,0.0,0.09032543842038994,0.25,0.05,0.08333333333333334,0.05263157894736842,0.05263157894736842
8480092557592561766,When will the man who killed don quixote be released?,fixed_512_0,0,338114,0.05263157894736842,0.05263157894736842,0.07847428227110642,0.05,0.2,0.08000000000000002,0.0,0.0,0.0,0.0,0.0,0.0,0.0,0.0,0.0,0.0,0.0,0.0,0.0,0.0,0.0,0.0,0.0,0.0,0.0,0.0,0.0,0.0,0.0,0.0,0.07847428227110642,0.2,0.05,0.08000000000000002,0.05263157894736842,0.05263157894736842
-8723650390763936267,What is the circulation of the globe and mail?,fixed_512_0,0,338114,0.0,0.0,0.0,0.0,0.0,0.0,0.0,0.0,0.0,0.0,0.0,0.0,0.0,0.0,0.0,0.0,0.0,0.0,0.0,0.0,0.0,0.0,0.0,0.0,0.0,0.0,0.0,0.0,0.0,0.0,0.0,0.0,0.0,0.0,0.0,0.0
3542376138806351681,What phenotype is associated with the genotype 47 xxy?,fixed_512_0,0,338114,1.0,0.6962418300653593,1.7926464903910184,0.3,3.0,0.5454545454545454,1.0,0.5,1.0,0.6666666666666666,1.0,1.0,1.0,1.0,0.6666666666666666,0.8,1.0,1.0,1.501265835341887,2.0,0.8,1.142857142857143,1.0,0.8875,1.501265835341887,2.0,0.4,0.6666666666666667,1.0,0.8875,1.7926464903910184,3.0,0.3,0.5454545454545454,1.0,0.6962418300653593
-6038783773377001158,When did jane and chris win the olympics?,fixed_512_0,0,338114,0.16666666666666666,0.36358509911141484,1.4027979435339584,0.4,4.0,0.7272727272727273,0.0,0.0,0.0,0.0,0.0,0.0,0.0,0.0,0.0,0.0,0.0,0.0,0.0,0.0,0.0,0.0,0.0,0.0,0.7846048179702662,2.0,0.4,0.6666666666666667,0.16666666666666666,0.2964285714285714,1.4027979435339584,4.0,0.4,0.7272727272727273,0.16666666666666666,0.36358509911141484
-6007347717208405010,Why is there a moon on the outhouse door?,fixed_512_0,0,338114,1.0,1.0,1.0,0.1,1.0,0.18181818181818182,1.0,0.5,1.0,0.6666666666666666,1.0,1.0,1.0,1.0,0.6666666666666666,0.8,1.0,1.0,1.0,1.0,0.4,0.5714285714285715,1.0,1.0,1.0,1.0,0.2,0.33333333333333337,1.0,1.0,1.0,1.0,0.1,0.18181818181818182,1.0,1.0
-3192820892937884675,Who is the winner of zumbo's just desserts?,fixed_512_0,0,338114,0.0,0.0,0.0,0.0,0.0,0.0,0.0,0.0,0.0,0.0,0.0,0.0,0.0,0.0,0.0,0.0,0.0,0.0,0.0,0.0,0.0,0.0,0.0,0.0,0.0,0.0,0.0,0.0,0.0,0.0,0.0,0.0,0.0,0.0,0.0,0.0
-8587207002552933804,Real world cast go big or go home?,fixed_512_0,0,338114,1.0,0.835247051423522,1.6797421953714147,0.75,2.5,1.1538461538461537,1.0,0.16666666666666666,1.0,0.2857142857142857,1.0,1.0,1.0,0.5,1.0,0.6666666666666666,1.0,1.0,0.8539316501572937,0.6666666666666666,0.8,0.7272727272727272,1.0,0.95,1.153475852446776,1.3333333333333333,0.8,1.0,1.0,0.8956845238095237,1.6797421953714147,2.5,0.75,1.1538461538461537,1.0,0.835247051423522
1681931166694925579,When did they get rid of figures in figure skating?,fixed_512_0,0,338114,1.0,1.0,0.46927872602275644,0.05,0.3333333333333333,0.08695652173913045,1.0,0.3333333333333333,1.0,0.5,1.0,1.0,0.46927872602275644,0.3333333333333333,0.3333333333333333,0.3333333333333333,1.0,1.0,0.46927872602275644,0.3333333333333333,0.2,0.25,1.0,1.0,0.46927872602275644,0.3333333333333333,0.1,0.15384615384615383,1.0,1.0,0.46927872602275644,0.3333333333333333,0.05,0.08695652173913045,1.0,1.0
7391126470541357472,When do doug and carol get married in er?,fixed_512_0,0,338114,0.06666666666666667,0.06666666666666667,0.11731968150568911,0.05,0.3333333333333333,0.08695652173913045,0.0,0.0,0.0,0.0,0.0,0.0,0.0,0.0,0.0,0.0,0.0,0.0,0.0,0.0,0.0,0.0,0.0,0.0,0.0,0.0,0.0,0.0,0.0,0.0,0.11731968150568911,0.3333333333333333,0.05,0.08695652173913045,0.06666666666666667,0.06666666666666667
3475080409674051393,What country has the lowest rate of homelessness?,fixed_512_0,0,338114,1.0,0.5050137362637362,1.0381716738070954,0.4,1.6,0.6400000000000001,1.0,0.2,1.0,0.33333333333333337,1.0,1.0,0.46927872602275644,0.2,0.3333333333333333,0.25,1.0,1.0,0.48522855511632257,0.4,0.4,0.4000000000000001,1.0,0.75,0.7003793519971062,0.8,0.4,0.5333333333333333,1.0,0.5932539682539683,1.0381716738070954,1.6,0.4,0.6400000000000001,1.0,0.5050137362637362
-1696066045378969622,Who sings what condition my condition is in?,fixed_512_0,0,338114,1.0,1.0,1.3065735963827294,0.15,1.5,0.2727272727272727,1.0,0.5,1.0,0.6666666666666666,1.0,1.0,1.3065735963827294,1.5,1.0,1.2,1.0,1.0,1.3065735963827294,1.5,0.6,0.857142857142857,1.0,1.0,1.3065735963827294,1.5,0.3,0.49999999999999994,1.0,1.0,1.3065735963827294,1.5,0.15,0.2727272727272727,1.0,1.0
4987105805278487511,Bones who is the father of angela's baby?,fixed_512_128,0,448624,0.5,0.45,0.4776237035032179,0.1,0.6666666666666666,0.1739130434782609,0.0,0.0,0.0,0.0,0.0,0.0,0.2960819109658652,0.3333333333333333,0.3333333333333333,0.3333333333333333,0.5,0.5,0.4776237035032179,0.6666666666666666,0.4,0.5,0.5,0.45,0.4776237035032179,0.6666666666666666,0.2,0.30769230769230765,0.5,0.45,0.4776237035032179,0.6666666666666666,0.1,0.1739130434782609,0.5,0.45
-6593534685836250520,When did health care workers first use chlorine solution to decontaminate hands?,fixed_512_128,0,448624,1.0,0.6977777777777778,1.5599016355152162,0.25,2.5,0.45454545454545453,1.0,0.5,1.0,0.6666666666666666,1.0,1.0,0.9197207891481876,1.0,0.6666666666666666,0.8,1.0,0.8333333333333333,1.1569185019174837,1.5,0.6,0.857142857142857,1.0,0.7555555555555555,1.5599016355152162,2.5,0.5,0.8333333333333334,1.0,0.6977777777777778,1.5599016355152162,2.5,0.25,0.45454545454545453,1.0,0.6977777777777778
163584850516751107,Who sings you put the lime in the coconut?,fixed_512_128,0,448624,1.0,1.0,1.0,0.1,1.0,0.18181818181818182,1.0,0.5,1.0,0.6666666666666666,1.0,1.0,1.0,1.0,0.6666666666666666,0.8,1.0,1.0,1.0,1.0,0.4,0.5714285714285715,1.0,1.0,1.0,1.0,0.2,0.33333333333333337,1.0,1.0,1.0,1.0,0.1,0.18181818181818182,1.0,1.0
357726708731665296,Who sings you say it best when you say nothing at all?,fixed_512_128,0,448624,1.0,0.8968367889420523,0.9719317166449974,0.55,1.0,0.7096774193548387,1.0,0.09090909090909091,1.0,0.16666666666666669,1.0,1.0,1.0,0.2727272727272727,1.0,0.42857142857142855,1.0,1.0,1.0,0.45454545454545453,1.0,0.625,1.0,1.0,0.9305687780632227,0.8181818181818182,0.9,0.8571428571428572,1.0,0.9765432098765433,0.9719317166449974,1.0,0.55,0.7096774193548387,1.0,0.8968367889420523
-4822789605010746268,In 1911 congress decided to fix the size of the house at?,fixed_512_128,0,448624,1.0,0.7987290487290487,2.7737207763106375,0.55,5.5,1.0000000000000002,1.0,0.5,1.0,0.6666666666666666,1.0,1.0,1.3065735963827294,1.5,1.0,1.2,1.0,1.0,1.8078394317246163,2.5,1.0,1.4285714285714286,1.0,1.0,1.9924151285041845,3.0,0.6,0.9999999999999999,1.0,0.9444444444444445,2.7737207763106375,5.5,0.55,1.0000000000000002,1.0,0.7987290487290487
-4900709700910146568,Who has won the last 10 world series?,fixed_512_128,0,448624,1.0,0.8895926496240169,1.2585245029018575,0.95,1.5833333333333333,1.1874999999999998,1.0,0.08333333333333333,1.0,0.15384615384615385,1.0,1.0,0.7039180890341347,0.16666666666666666,0.6666666666666666,0.26666666666666666,1.0,0.8333333333333333,0.7860137352654724,0.3333333333333333,0.8,0.47058823529411764,1.0,0.8041666666666667,0.8611375561264454,0.75,0.9,0.8181818181818182,1.0,0.8412257495590829,1.2585245029018575,1.5833333333333333,0.95,1.1874999999999998,1.0,0.8895926496240169
-1014810535517666778,When did conflict start in israel and palestine?,fixed_512_128,0,448624,1.0,0.7723931039720512,2.3806203456416477,0.7,4.666666666666667,1.217391304347826,1.0,0.3333333333333333,1.0,0.5,1.0,1.0,0.7039180890341347,0.6666666666666666,0.6666666666666666,0.6666666666666666,1.0,0.8333333333333333,1.0875672280720348,1.3333333333333333,0.8,1.0,1.0,0.8041666666666667,1.6796875848134467,2.6666666666666665,0.8,1.2307692307692306,1.0,0.7972222222222222,2.3806203456416477,4.666666666666667,0.7,1.217391304347826,1.0,0.7723931039720512
1237920926774398276,When's the next time easter falls on april fools day?,fixed_512_128,0,448624,0.06666666666666667,0.14758986928104575,0.9698719220529958,0.2,4.0,0.38095238095238093,0.0,0.0,0.0,0.0,0.0,0.0,0.0,0.0,0.0,0.0,0.0,0.0,0.0,0.0,0.0,0.0,0.0,0.0,0.0,0.0,0.0,0.0,0.0,0.0,0.9698719220529958,4.0,0.2,0.38095238095238093,0.06666666666666667,0.14758986928104575
2269457951575222809,What movie was welcome home by radical face in?,fixed_512_128,0,448624,1.0,1.0,0.6366824387328317,0.1,0.5,0.16666666666666669,1.0,0.25,1.0,0.4,1.0,1.0,0.7653606369886217,0.5,0.6666666666666666,0.5714285714285715,1.0,1.0,0.6366824387328317,0.5,0.4,0.4444444444444445,1.0,1.0,0.6366824387328317,0.5,0.2,0.28571428571428575,1.0,1.0,0.6366824387328317,0.5,0.1,0.16666666666666669,1.0,1.0
-6926705067608220856,What led to the end of indus valley civilization?,fixed_512_128,0,448624,0.5,0.5604617604617604,0.739244603965355,0.35,1.0,0.5185185185185185,0.0,0.0,0.0,0.0,0.0,0.0,0.5307212739772434,0.2857142857142857,0.6666666666666666,0.4,0.5,0.5833333333333333,0.5147714448836774,0.42857142857142855,0.6,0.5,0.5,0.5888888888888889,0.5978614511309025,0.7142857142857143,0.5,0.588235294117647,0.5,0.5977777777777777,0.739244603965355,1.0,0.35,0.5185185185185185,0.5,0.5604617604617604
6113879938573233819,Who has the highest number of likes on instagram?,fixed_512_128,0,448624,0.06666666666666667,0.08596491228070174,0.1456662091078894,0.1,0.3333333333333333,0.15384615384615383,0.0,0.0,0.0,0.0,0.0,0.0,0.0,0.0,0.0,0.0,0.0,0.0,0.0,0.0,0.0,0.0,0.0,0.0,0.0,0.0,0.0,0.0,0.0,0.0,0.1456662091078894,0.3333333333333333,0.1,0.15384615384615383,0.06666666666666667,0.08596491228070174
-3857791602197870808,Who becomes chief of police on the closer?,fixed_512_128,0,448624,1.0,0.6081871345029239,0.6758955134085424,0.15,0.75,0.24999999999999997,1.0,0.25,1.0,0.4,1.0,1.0,0.7039180890341347,0.5,0.6666666666666666,0.5714285714285715,1.0,0.8333333333333333,0.5855700749881525,0.5,0.4,0.4444444444444445,1.0,0.8333333333333333,0.5855700749881525,0.5,0.2,0.28571428571428575,1.0,0.8333333333333333,0.6758955134085424,0.75,0.15,0.24999999999999997,1.0,0.6081871345029239
-6102374678194889758,List of highest runs in champion trophy 2017?,fixed_512_128,0,448624,0.0,0.0,0.0,0.0,0.0,0.0,0.0,0.0,0.0,0.0,0.0,0.0,0.0,0.0,0.0,0.0,0.0,0.0,0.0,0.0,0.0,0.0,0.0,0.0,0.0,0.0,0.0,0.0,0.0,0.0,0.0,0.0,0.0,0.0,0.0,0.0
2714015286907845703,Who is clara on when calls the heart?,fixed_512_128,0,448624,0.0,0.0,0.0,0.0,0.0,0.0,0.0,0.0,0.0,0.0,0.0,0.0,0.0,0.0,0.0,0.0,0.0,0.0,0.0,0.0,0.0,0.0,0.0,0.0,0.0,0.0,0.0,0.0,0.0,0.0,0.0,0.0,0.0,0.0,0.0,0.0
-876253858162782258,Most amount of points scored in an nba game?,fixed_512_128,0,448624,0.3333333333333333,0.43632478632478633,0.8178465512046894,0.3,1.5,0.49999999999999994,0.0,0.0,0.0,0.0,0.0,0.0,0.23463936301137822,0.25,0.3333333333333333,0.28571428571428575,0.3333333333333333,0.3333333333333333,0.34620964322385606,0.5,0.4,0.4444444444444445,0.3333333333333333,0.3666666666666667,0.6153925060653322,1.0,0.4,0.5714285714285715,0.3333333333333333,0.4511904761904762,0.8178465512046894,1.5,0.3,0.49999999999999994,0.3333333333333333,0.43632478632478633
-8489723227411518336,Who wrote the assyrian came down like a wolf on the fold?,fixed_512_128,0,448624,1.0,1.0,0.6131471927654584,0.05,0.5,0.09090909090909091,1.0,0.5,1.0,0.6666666666666666,1.0,1.0,0.6131471927654584,0.5,0.3333333333333333,0.4,1.0,1.0,0.6131471927654584,0.5,0.2,0.28571428571428575,1.0,1.0,0.6131471927654584,0.5,0.1,0.16666666666666669,1.0,1.0,0.6131471927654584,0.5,0.05,0.09090909090909091,1.0,1.0
3808058542574693217,How many variations of power rangers are there?,fixed_512_128,0,448624,1.0,0.7463323619700138,3.0097438116194533,0.65,6.5,1.1818181818181819,1.0,0.5,1.0,0.6666666666666666,1.0,1.0,1.3065735963827294,1.5,1.0,1.2,1.0,1.0,1.5706417189553201,2.0,0.8,1.142857142857143,1.0,1.0,1.9413074093566385,3.0,0.6,0.9999999999999999,1.0,0.8708333333333332,3.0097438116194533,6.5,0.65,1.1818181818181819,1.0,0.7463323619700138
-7249252321180320967,When was the last burning at the stake in england?,fixed_512_128,0,448624,0.0,0.0,0.0,0.0,0.0,0.0,0.0,0.0,0.0,0.0,0.0,0.0,0.0,0.0,0.0,0.0,0.0,0.0,0.0,0.0,0.0,0.0,0.0,0.0,0.0,0.0,0.0,0.0,0.0,0.0,0.0,0.0,0.0,0.0,0.0,0.0
4440863336369184746,Who had most of asia in its sphere of interest after the treaty of saragossa?,fixed_512_128,0,448624,1.0,0.6464285714285714,0.8494484866029024,0.2,1.0,0.33333333333333337,1.0,0.25,1.0,0.4,1.0,1.0,0.7653606369886217,0.5,0.6666666666666666,0.5714285714285715,1.0,1.0,0.6366824387328317,0.5,0.4,0.4444444444444445,1.0,1.0,0.7495275800817669,0.75,0.3,0.4285714285714285,1.0,0.7666666666666666,0.8494484866029024,1.0,0.2,0.33333333333333337,1.0,0.6464285714285714
-4555140994124022586,When was the first altar built in the bible?,fixed_512_128,0,448624,1.0,0.5909090909090909,0.7841802768331765,0.1,1.0,0.18181818181818182,1.0,0.5,1.0,0.6666666666666666,1.0,1.0,0.6131471927654584,0.5,0.3333333333333333,0.4,1.0,1.0,0.6131471927654584,0.5,0.2,0.28571428571428575,1.0,1.0,0.6131471927654584,0.5,0.1,0.16666666666666669,1.0,1.0,0.7841802768331765,1.0,0.1,0.18181818181818182,1.0,0.5909090909090909
7344113401182381737,Who won the 3 point contest last year?,fixed_512_128,0,448624,1.0,0.8842490842490843,0.9665869072753863,0.45,1.0,0.6206896551724138,1.0,0.1111111111111111,1.0,0.19999999999999998,1.0,1.0,1.0,0.3333333333333333,1.0,0.5,1.0,1.0,1.0,0.5555555555555556,1.0,0.7142857142857143,1.0,1.0,0.8446905084406404,0.7777777777777778,0.7,0.7368421052631577,1.0,0.9571428571428572,0.9665869072753863,1.0,0.45,0.6206896551724138,1.0,0.8842490842490843
3579305903070298684,When did the 12 valve cummins come out?,fixed_512_128,0,448624,0.25,0.24109516214779375,0.9011411791506219,0.25,2.5,0.45454545454545453,0.0,0.0,0.0,0.0,0.0,0.0,0.0,0.0,0.0,0.0,0.0,0.0,0.2640681225725909,0.5,0.2,0.28571428571428575,0.25,0.25,0.448643819352159,1.0,0.2,0.33333333333333337,0.25,0.2361111111111111,0.9011411791506219,2.5,0.25,0.45454545454545453,0.25,0.24109516214779375
8920677267202726172,When was the last time miami won in foxboro?,fixed_512_128,0,448624,1.0,0.5419466880251194,1.1406567884245356,0.45,1.8,0.7200000000000001,1.0,0.2,1.0,0.33333333333333337,1.0,1.0,0.46927872602275644,0.2,0.3333333333333333,0.25,1.0,1.0,0.48522855511632257,0.4,0.4,0.4000000000000001,1.0,0.75,0.7984186378284633,1.0,0.5,0.6666666666666666,1.0,0.5746031746031746,1.1406567884245356,1.8,0.45,0.7200000000000001,1.0,0.5419466880251194
-7430688674816652098,Who recorded this guys in love with you?,fixed_512_128,0,448624,1.0,0.8666666666666667,0.6105858728157117,0.15,0.5,0.23076923076923075,1.0,0.16666666666666666,1.0,0.2857142857142857,1.0,1.0,0.7653606369886217,0.3333333333333333,0.6666666666666666,0.4444444444444444,1.0,1.0,0.6843515475204855,0.5,0.6,0.5454545454545454,1.0,0.8666666666666667,0.6105858728157117,0.5,0.3,0.37499999999999994,1.0,0.8666666666666667,0.6105858728157117,0.5,0.15,0.23076923076923075,1.0,0.8666666666666667
-5077669686985410335,Who hit the last home run at three rivers stadium?,fixed_512_128,0,448624,0.06666666666666667,0.09583333333333333,0.3032935912997024,0.1,1.0,0.18181818181818182,0.0,0.0,0.0,0.0,0.0,0.0,0.0,0.0,0.0,0.0,0.0,0.0,0.0,0.0,0.0,0.0,0.0,0.0,0.0,0.0,0.0,0.0,0.0,0.0,0.3032935912997024,1.0,0.1,0.18181818181818182,0.06666666666666667,0.09583333333333333
1563058980825104994,Who won the first nascar race at indy?,fixed_512_128,0,448624,1.0,0.6294017094017093,2.3704887262926264,0.5,5.0,0.9090909090909091,1.0,0.5,1.0,0.6666666666666666,1.0,1.0,1.0,1.0,0.6666666666666666,0.8,1.0,1.0,1.0,1.0,0.4,0.5714285714285715,1.0,1.0,1.7596237847693728,3.0,0.6,0.9999999999999999,1.0,0.6806878306878307,2.3704887262926264,5.0,0.5,0.9090909090909091,1.0,0.6294017094017093
6023324052929614087,Who has the best winning percentage in nfl history?,fixed_512_128,0,448624,1.0,0.7520282186948853,0.8323286922633846,0.45,0.9,0.6,1.0,0.1,1.0,0.18181818181818182,1.0,1.0,0.7039180890341347,0.2,0.6666666666666666,0.30769230769230765,1.0,0.8333333333333333,0.6548086577531307,0.3,0.6,0.4,1.0,0.8055555555555555,0.7759944384848244,0.8,0.8,0.8000000000000002,1.0,0.7656746031746031,0.8323286922633846,0.9,0.45,0.6,1.0,0.7520282186948853
-3562941926415682447,You're gonna miss me when i'm gone with cups?,fixed_512_128,0,448624,1.0,0.7638429752066116,2.0724582832733995,0.55,3.6666666666666665,0.9565217391304347,1.0,0.3333333333333333,1.0,0.5,1.0,1.0,0.7653606369886217,0.6666666666666666,0.6666666666666666,0.6666666666666666,1.0,1.0,1.1490097760265219,1.3333333333333333,0.8,1.0,1.0,0.8875,1.593089177285001,2.3333333333333335,0.7,1.0769230769230769,1.0,0.8214285714285714,2.0724582832733995,3.6666666666666665,0.55,0.9565217391304347,1.0,0.7638429752066116
-6812944997095026577,Who built the first zero turn lawn mower?,fixed_512_128,0,448624,1.0,0.8333333333333333,0.7039180890341347,0.1,0.6666666666666666,0.1739130434782609,1.0,0.3333333333333333,1.0,0.5,1.0,1.0,0.7039180890341347,0.6666666666666666,0.6666666666666666,0.6666666666666666,1.0,0.8333333333333333,0.7039180890341347,0.6666666666666666,0.4,0.5,1.0,0.8333333333333333,0.7039180890341347,0.6666666666666666,0.2,0.30769230769230765,1.0,0.8333333333333333,0.7039180890341347,0.6666666666666666,0.1,0.1739130434782609,1.0,0.8333333333333333
5947334106839868987,Who won survivor heroes vs healers vs hustlers?,fixed_512_128,0,448624,1.0,0.9039188111141895,1.8529327872671302,0.7,2.8,1.1199999999999999,1.0,0.2,1.0,0.33333333333333337,1.0,1.0,1.0,0.6,1.0,0.7499999999999999,1.0,1.0,1.0,1.0,1.0,1.0,1.0,1.0,1.427941116021027,1.8,0.9,1.2,1.0,0.9626543209876544,1.8529327872671302,2.8,0.7,1.1199999999999999,1.0,0.9039188111141895
-8985420883431850269,Number of movies released in india every year?,fixed_512_128,0,448624,0.0,0.0,0.0,0.0,0.0,0.0,0.0,0.0,0.0,0.0,0.0,0.0,0.0,0.0,0.0,0.0,0.0,0.0,0.0,0.0,0.0,0.0,0.0,0.0,0.0,0.0,0.0,0.0,0.0,0.0,0.0,0.0,0.0,0.0,0.0,0.0
-629735412357919761,Who shot rick's son in the walking dead?,fixed_512_128,0,448624,1.0,0.8842679040563459,2.143671233920464,0.9,3.6,1.4400000000000002,1.0,0.2,1.0,0.33333333333333337,1.0,1.0,1.0,0.6,1.0,0.7499999999999999,1.0,1.0,0.8539316501572937,0.8,0.8,0.8000000000000002,1.0,0.95,1.2968868821048354,1.6,0.8,1.0666666666666667,1.0,0.9067956349206348,2.143671233920464,3.6,0.9,1.4400000000000002,1.0,0.8842679040563459
1788376579913394563,Who used the word psychology for the first time?,fixed_512_128,0,448624,0.25,0.25,0.09478836436955078,0.05,0.1,0.06666666666666667,0.0,0.0,0.0,0.0,0.0,0.0,0.0,0.0,0.0,0.0,0.0,0.0,0.14606834984270645,0.1,0.2,0.13333333333333333,0.25,0.25,0.09478836436955078,0.1,0.1,0.10000000000000002,0.25,0.25,0.09478836436955078,0.1,0.05,0.06666666666666667,0.25,0.25
8643312430506346423,Who threw the overalls in mistress murphy's chowder?,fixed_512_128,0,448624,1.0,1.0,0.6131471927654584,0.05,0.5,0.09090909090909091,1.0,0.5,1.0,0.6666666666666666,1.0,1.0,0.6131471927654584,0.5,0.3333333333333333,0.4,1.0,1.0,0.6131471927654584,0.5,0.2,0.28571428571428575,1.0,1.0,0.6131471927654584,0.5,0.1,0.16666666666666669,1.0,1.0,0.6131471927654584,0.5,0.05,0.09090909090909091,1.0,1.0
-6595933575843520860,Who's winning the alabama clemson football game?,fixed_512_128,0,448624,1.0,1.0,4.316720794691817,1.0,10.0,1.8181818181818181,1.0,0.5,1.0,0.6666666666666666,1.0,1.0,1.3065735963827294,1.5,1.0,1.2,1.0,1.0,1.8078394317246163,2.5,1.0,1.4285714285714286,1.0,1.0,2.7858706533121533,5.0,1.0,1.6666666666666667,1.0,1.0,4.316720794691817,10.0,1.0,1.8181818181818181,1.0,1.0
-1850565398832307454,What profile has the most followers on instagram?,fixed_512_128,0,448624,0.1,0.3338601757719405,1.4266251524329674,0.45,4.5,0.8181818181818181,0.0,0.0,0.0,0.0,0.0,0.0,0.0,0.0,0.0,0.0,0.0,0.0,0.0,0.0,0.0,0.0,0.0,0.0,0.17723928678404774,0.5,0.1,0.16666666666666669,0.1,0.1,1.4266251524329674,4.5,0.45,0.8181818181818181,0.1,0.3338601757719405
5020412065827011434,Who was eliminated on the voice december 12 2017?,fixed_512_128,0,448624,0.0,0.0,0.0,0.0,0.0,0.0,0.0,0.0,0.0,0.0,0.0,0.0,0.0,0.0,0.0,0.0,0.0,0.0,0.0,0.0,0.0,0.0,0.0,0.0,0.0,0.0,0.0,0.0,0.0,0.0,0.0,0.0,0.0,0.0,0.0,0.0
-2421616108468028515,Who was the chairman of the opening and closing ceremonies at the 1960 winter olympics?,fixed_512_128,0,448624,0.1111111111111111,0.1111111111111111,0.18457569677956817,0.05,0.5,0.09090909090909091,0.0,0.0,0.0,0.0,0.0,0.0,0.0,0.0,0.0,0.0,0.0,0.0,0.0,0.0,0.0,0.0,0.0,0.0,0.18457569677956817,0.5,0.1,0.16666666666666669,0.1111111111111111,0.1111111111111111,0.18457569677956817,0.5,0.05,0.09090909090909091,0.1111111111111111,0.1111111111111111
-7557360761999870489,Who has won the most old firm games?,fixed_512_128,0,448624,0.0625,0.0625,0.0740318445087683,0.05,0.16666666666666666,0.07692307692307691,0.0,0.0,0.0,0.0,0.0,0.0,0.0,0.0,0.0,0.0,0.0,0.0,0.0,0.0,0.0,0.0,0.0,0.0,0.0,0.0,0.0,0.0,0.0,0.0,0.0740318445087683,0.16666666666666666,0.05,0.07692307692307691,0.0625,0.0625
-5498835325048231687,Who won the ladies roar of the rings?,fixed_512_128,0,448624,0.0,0.0,0.0,0.0,0.0,0.0,0.0,0.0,0.0,0.0,0.0,0.0,0.0,0.0,0.0,0.0,0.0,0.0,0.0,0.0,0.0,0.0,0.0,0.0,0.0,0.0,0.0,0.0,0.0,0.0,0.0,0.0,0.0,0.0,0.0,0.0
8004203303826747554,Who played in the 1998 afl grand final?,fixed_512_128,0,448624,1.0,1.0,1.601270871164334,0.95,2.111111111111111,1.310344827586207,1.0,0.1111111111111111,1.0,0.19999999999999998,1.0,1.0,1.0,0.3333333333333333,1.0,0.5,1.0,1.0,1.0,0.5555555555555556,1.0,0.7142857142857143,1.0,1.0,1.0679434009182907,1.1111111111111112,1.0,1.0526315789473684,1.0,1.0,1.601270871164334,2.111111111111111,0.95,1.310344827586207,1.0,1.0
4706336055008623881,When was the first government formed in the world?,fixed_512_128,0,448624,0.0,0.0,0.0,0.0,0.0,0.0,0.0,0.0,0.0,0.0,0.0,0.0,0.0,0.0,0.0,0.0,0.0,0.0,0.0,0.0,0.0,0.0,0.0,0.0,0.0,0.0,0.0,0.0,0.0,0.0,0.0,0.0,0.0,0.0,0.0,0.0
-3567115157858987177,When does melinda tell sam she's jim?,fixed_512_128,0,448624,0.0,0.0,0.0,0.0,0.0,0.0,0.0,0.0,0.0,0.0,0.0,0.0,0.0,0.0,0.0,0.0,0.0,0.0,0.0,0.0,0.0,0.0,0.0,0.0,0.0,0.0,0.0,0.0,0.0,0.0,0.0,0.0,0.0,0.0,0.0,0.0
1582283260958361854,Who led investigation into the legality of apple’s accounting practices during the 2000s?,fixed_512_128,0,448624,0.0,0.0,0.0,0.0,0.0,0.0,0.0,0.0,0.0,0.0,0.0,0.0,0.0,0.0,0.0,0.0,0.0,0.0,0.0,0.0,0.0,0.0,0.0,0.0,0.0,0.0,0.0,0.0,0.0,0.0,0.0,0.0,0.0,0.0,0.0,0.0
-7186473871494873250,Who has the best head to head record against serena williams?,fixed_512_128,0,448624,0.2,0.25168831168831163,0.6874411982483241,0.25,1.6666666666666667,0.43478260869565216,0.0,0.0,0.0,0.0,0.0,0.0,0.0,0.0,0.0,0.0,0.0,0.0,0.18154179253735267,0.3333333333333333,0.2,0.25,0.2,0.2,0.3295827480202853,0.6666666666666666,0.2,0.30769230769230765,0.2,0.225,0.6874411982483241,1.6666666666666667,0.25,0.43478260869565216,0.2,0.25168831168831163
6939106340769221477,Recruited alex rogan video gamer to save the galaxy in the last starfighter?,fixed_512_128,0,448624,1.0,0.7575757575757575,1.171033084067718,0.15,1.5,0.2727272727272727,1.0,0.5,1.0,0.6666666666666666,1.0,1.0,1.0,1.0,0.6666666666666666,0.8,1.0,1.0,1.0,1.0,0.4,0.5714285714285715,1.0,1.0,1.0,1.0,0.2,0.33333333333333337,1.0,1.0,1.171033084067718,1.5,0.15,0.2727272727272727,1.0,0.7575757575757575
3670630515927162191,Who has the highest batting average in baseball today?,fixed_512_128,0,448624,1.0,0.43903186274509803,0.465584094228103,0.2,0.5,0.28571428571428575,1.0,0.125,1.0,0.2222222222222222,1.0,1.0,0.46927872602275644,0.125,0.3333333333333333,0.18181818181818182,1.0,1.0,0.3391602052736161,0.125,0.2,0.15384615384615385,1.0,1.0,0.3430427114200248,0.25,0.2,0.22222222222222224,1.0,0.6666666666666666,0.465584094228103,0.5,0.2,0.28571428571428575,1.0,0.43903186274509803
7775983008254057747,When was the first road to key west built?,fixed_512_128,0,448624,0.3333333333333333,0.42329004329004327,1.1126131944255002,0.25,2.5,0.45454545454545453,0.0,0.0,0.0,0.0,0.0,0.0,0.3065735963827292,0.5,0.3333333333333333,0.4,0.3333333333333333,0.3333333333333333,0.5437713091520254,1.0,0.4,0.5714285714285715,0.3333333333333333,0.3666666666666667,0.9415801103577822,2.0,0.4,0.6666666666666667,0.3333333333333333,0.4154761904761905,1.1126131944255002,2.5,0.25,0.45454545454545453,0.3333333333333333,0.42329004329004327
-1325148824515450104,Who plays rebeccas boyfriend in the a word?,fixed_512_128,0,448624,0.0,0.0,0.0,0.0,0.0,0.0,0.0,0.0,0.0,0.0,0.0,0.0,0.0,0.0,0.0,0.0,0.0,0.0,0.0,0.0,0.0,0.0,0.0,0.0,0.0,0.0,0.0,0.0,0.0,0.0,0.0,0.0,0.0,0.0,0.0,0.0
-6497990441806661535,What is the name of the restaurant that insults you?,fixed_512_128,0,448624,1.0,0.4998843262001157,0.7658365093635353,0.25,1.0,0.4,1.0,0.2,1.0,0.33333333333333337,1.0,1.0,0.46927872602275644,0.2,0.3333333333333333,0.25,1.0,1.0,0.48522855511632257,0.4,0.4,0.4000000000000001,1.0,0.75,0.5982819568741946,0.6,0.3,0.4,1.0,0.6428571428571429,0.7658365093635353,1.0,0.25,0.4,1.0,0.4998843262001157
1242902672434324284,Everybody loves raymond robert dates 22 year old?,fixed_512_128,0,448624,0.16666666666666666,0.16666666666666666,0.13905617951077562,0.05,0.25,0.08333333333333334,0.0,0.0,0.0,0.0,0.0,0.0,0.0,0.0,0.0,0.0,0.0,0.0,0.0,0.0,0.0,0.0,0.0,0.0,0.13905617951077562,0.25,0.1,0.14285714285714288,0.16666666666666666,0.16666666666666666,0.13905617951077562,0.25,0.05,0.08333333333333334,0.16666666666666666,0.16666666666666666
8480092557592561766,When will the man who killed don quixote be released?,fixed_512_128,0,448624,0.0,0.0,0.0,0.0,0.0,0.0,0.0,0.0,0.0,0.0,0.0,0.0,0.0,0.0,0.0,0.0,0.0,0.0,0.0,0.0,0.0,0.0,0.0,0.0,0.0,0.0,0.0,0.0,0.0,0.0,0.0,0.0,0.0,0.0,0.0,0.0
-8723650390763936267,What is the circulation of the globe and mail?,fixed_512_128,0,448624,0.0,0.0,0.0,0.0,0.0,0.0,0.0,0.0,0.0,0.0,0.0,0.0,0.0,0.0,0.0,0.0,0.0,0.0,0.0,0.0,0.0,0.0,0.0,0.0,0.0,0.0,0.0,0.0,0.0,0.0,0.0,0.0,0.0,0.0,0.0,0.0
3542376138806351681,What phenotype is associated with the genotype 47 xxy?,fixed_512_128,0,448624,0.5,0.45865517924341453,1.371977488138993,0.3,3.0,0.5454545454545454,0.0,0.0,0.0,0.0,0.0,0.0,0.38685280723454163,0.5,0.3333333333333333,0.4,0.5,0.5,0.6509209298071326,1.0,0.4,0.5714285714285715,0.5,0.5,1.0539040634048649,2.0,0.4,0.6666666666666667,0.5,0.4861111111111111,1.371977488138993,3.0,0.3,0.5454545454545454,0.5,0.45865517924341453
-6038783773377001158,When did jane and chris win the olympics?,fixed_512_128,0,448624,0.16666666666666666,0.321031746031746,0.9540787329948539,0.25,2.5,0.45454545454545453,0.0,0.0,0.0,0.0,0.0,0.0,0.0,0.0,0.0,0.0,0.0,0.0,0.0,0.0,0.0,0.0,0.0,0.0,0.8007919348034893,2.0,0.4,0.6666666666666667,0.16666666666666666,0.3179563492063492,0.9540787329948539,2.5,0.25,0.45454545454545453,0.16666666666666666,0.321031746031746
-6007347717208405010,Why is there a moon on the outhouse door?,fixed_512_128,0,448624,0.0,0.0,0.0,0.0,0.0,0.0,0.0,0.0,0.0,0.0,0.0,0.0,0.0,0.0,0.0,0.0,0.0,0.0,0.0,0.0,0.0,0.0,0.0,0.0,0.0,0.0,0.0,0.0,0.0,0.0,0.0,0.0,0.0,0.0,0.0,0.0
-3192820892937884675,Who is the winner of zumbo's just desserts?,fixed_512_128,0,448624,0.0,0.0,0.0,0.0,0.0,0.0,0.0,0.0,0.0,0.0,0.0,0.0,0.0,0.0,0.0,0.0,0.0,0.0,0.0,0.0,0.0,0.0,0.0,0.0,0.0,0.0,0.0,0.0,0.0,0.0,0.0,0.0,0.0,0.0,0.0,0.0
-8587207002552933804,Real world cast go big or go home?,fixed_512_128,0,448624,1.0,0.731695076178882,1.4622176342608673,0.65,2.1666666666666665,1.0,1.0,0.16666666666666666,1.0,0.2857142857142857,1.0,1.0,0.7653606369886217,0.3333333333333333,0.6666666666666666,0.4444444444444444,1.0,1.0,0.6992148198508501,0.5,0.6,0.5454545454545454,1.0,0.9166666666666666,0.9279641043683683,1.0,0.6,0.7499999999999999,1.0,0.8134920634920634,1.4622176342608673,2.1666666666666665,0.65,1.0,1.0,0.731695076178882
1681931166694925579,When did they get rid of figures in figure skating?,fixed_512_128,0,448624,1.0,1.0,0.46927872602275644,0.05,0.3333333333333333,0.08695652173913045,1.0,0.3333333333333333,1.0,0.5,1.0,1.0,0.46927872602275644,0.3333333333333333,0.3333333333333333,0.3333333333333333,1.0,1.0,0.46927872602275644,0.3333333333333333,0.2,0.25,1.0,1.0,0.46927872602275644,0.3333333333333333,0.1,0.15384615384615383,1.0,1.0,0.46927872602275644,0.3333333333333333,0.05,0.08695652173913045,1.0,1.0
7391126470541357472,When do doug and carol get married in er?,fixed_512_128,0,448624,0.0,0.0,0.0,0.0,0.0,0.0,0.0,0.0,0.0,0.0,0.0,0.0,0.0,0.0,0.0,0.0,0.0,0.0,0.0,0.0,0.0,0.0,0.0,0.0,0.0,0.0,0.0,0.0,0.0,0.0,0.0,0.0,0.0,0.0,0.0,0.0
3475080409674051393,What country has the lowest rate of homelessness?,fixed_512_128,0,448624,1.0,0.5715909090909091,0.9010088397877114,0.3,1.2,0.48,1.0,0.2,1.0,0.33333333333333337,1.0,1.0,0.46927872602275644,0.2,0.3333333333333333,0.25,1.0,1.0,0.6164336326286644,0.6,0.6,0.6,1.0,0.7000000000000001,0.7234267649959281,0.8,0.4,0.5333333333333333,1.0,0.65,0.9010088397877114,1.2,0.3,0.48,1.0,0.5715909090909091
-1696066045378969622,Who sings what condition my condition is in?,fixed_512_128,0,448624,1.0,1.0,1.8078394317246163,0.25,2.5,0.45454545454545453,1.0,0.5,1.0,0.6666666666666666,1.0,1.0,1.3065735963827294,1.5,1.0,1.2,1.0,1.0,1.8078394317246163,2.5,1.0,1.4285714285714286,1.0,1.0,1.8078394317246163,2.5,0.5,0.8333333333333334,1.0,1.0,1.8078394317246163,2.5,0.25,0.45454545454545453,1.0,1.0
4987105805278487511,Bones who is the father of angela's baby?,sentence_s5,0,1237402,0.05263157894736842,0.05263157894736842,0.10858087310103355,0.05,0.3333333333333333,0.08695652173913045,0.0,0.0,0.0,0.0,0.0,0.0,0.0,0.0,0.0,0.0,0.0,0.0,0.0,0.0,0.0,0.0,0.0,0.0,0.0,0.0,0.0,0.0,0.0,0.0,0.10858087310103355,0.3333333333333333,0.05,0.08695652173913045,0.05263157894736842,0.05263157894736842
-6593534685836250520,When did health care workers first use chlorine solution to decontaminate hands?,sentence_s5,0,1237402,0.5,0.3671016483516483,0.9457044335295067,0.2,2.0,0.36363636363636365,0.0,0.0,0.0,0.0,0.0,0.0,0.38685280723454163,0.5,0.3333333333333333,0.4,0.5,0.5,0.38685280723454163,0.5,0.2,0.28571428571428575,0.5,0.5,0.7846616084402985,1.5,0.3,0.49999999999999994,0.5,0.38690476190476186,0.9457044335295067,2.0,0.2,0.36363636363636365,0.5,0.3671016483516483
163584850516751107,Who sings you put the lime in the coconut?,sentence_s5,0,1237402,1.0,0.8333333333333334,1.218407436818164,0.15,1.5,0.2727272727272727,1.0,0.5,1.0,0.6666666666666666,1.0,1.0,1.0,1.0,0.6666666666666666,0.8,1.0,1.0,1.0,1.0,0.4,0.5714285714285715,1.0,1.0,1.218407436818164,1.5,0.3,0.49999999999999994,1.0,0.8333333333333334,1.218407436818164,1.5,0.15,0.2727272727272727,1.0,0.8333333333333334
357726708731665296,Who sings you say it best when you say nothing at all?,sentence_s5,0,1237402,1.0,0.8984951556380126,1.1223784103269179,0.7,1.2727272727272727,0.9032258064516129,1.0,0.09090909090909091,1.0,0.16666666666666669,1.0,1.0,1.0,0.2727272727272727,1.0,0.42857142857142855,1.0,1.0,0.8539316501572937,0.36363636363636365,0.8,0.5000000000000001,1.0,0.95,0.9052116356304493,0.8181818181818182,0.9,0.8571428571428572,1.0,0.9060405643738976,1.1223784103269179,1.2727272727272727,0.7,0.9032258064516129,1.0,0.8984951556380126
-4822789605010746268,In 1911 congress decided to fix the size of the house at?,sentence_s5,0,1237402,1.0,0.8224458204334367,2.8034741969111425,0.55,5.5,1.0000000000000002,1.0,0.5,1.0,0.6666666666666666,1.0,1.0,1.3065735963827294,1.5,1.0,1.2,1.0,1.0,1.8078394317246163,2.5,1.0,1.4285714285714286,1.0,1.0,2.2306292661312668,3.5,0.7,1.1666666666666665,1.0,1.0,2.8034741969111425,5.5,0.55,1.0000000000000002,1.0,0.8224458204334367
-4900709700910146568,Who has won the last 10 world series?,sentence_s5,0,1237402,0.125,0.18943250377073906,0.21366983965318168,0.2,0.3333333333333333,0.25,0.0,0.0,0.0,0.0,0.0,0.0,0.0,0.0,0.0,0.0,0.0,0.0,0.0,0.0,0.0,0.0,0.0,0.0,0.06943122193677727,0.08333333333333333,0.1,0.0909090909090909,0.125,0.125,0.21366983965318168,0.3333333333333333,0.2,0.25,0.125,0.18943250377073906
-1014810535517666778,When did conflict start in israel and palestine?,sentence_s5,0,1237402,0.5,0.5,0.2960819109658652,0.05,0.3333333333333333,0.08695652173913045,0.0,0.0,0.0,0.0,0.0,0.0,0.2960819109658652,0.3333333333333333,0.3333333333333333,0.3333333333333333,0.5,0.5,0.2960819109658652,0.3333333333333333,0.2,0.25,0.5,0.5,0.2960819109658652,0.3333333333333333,0.1,0.15384615384615383,0.5,0.5,0.2960819109658652,0.3333333333333333,0.05,0.08695652173913045,0.5,0.5
1237920926774398276,When's the next time easter falls on april fools day?,sentence_s5,0,1237402,0.0,0.0,0.0,0.0,0.0,0.0,0.0,0.0,0.0,0.0,0.0,0.0,0.0,0.0,0.0,0.0,0.0,0.0,0.0,0.0,0.0,0.0,0.0,0.0,0.0,0.0,0.0,0.0,0.0,0.0,0.0,0.0,0.0,0.0,0.0,0.0
2269457951575222809,What movie was welcome home by radical face in?,sentence_s5,0,1237402,0.3333333333333333,0.23333333333333334,0.29278503749407625,0.1,0.5,0.16666666666666669,0.0,0.0,0.0,0.0,0.0,0.0,0.23463936301137822,0.25,0.3333333333333333,0.28571428571428575,0.3333333333333333,0.3333333333333333,0.19519002499605084,0.25,0.2,0.22222222222222224,0.3333333333333333,0.3333333333333333,0.19519002499605084,0.25,0.1,0.14285714285714288,0.3333333333333333,0.3333333333333333,0.29278503749407625,0.5,0.1,0.16666666666666669,0.3333333333333333,0.23333333333333334
-6926705067608220856,What led to the end of indus valley civilization?,sentence_s5,0,1237402,0.2,0.20476190476190478,0.2561505637027044,0.15,0.42857142857142855,0.2222222222222222,0.0,0.0,0.0,0.0,0.0,0.0,0.0,0.0,0.0,0.0,0.0,0.0,0.13120507751234178,0.14285714285714285,0.2,0.16666666666666666,0.2,0.2,0.18579376046299725,0.2857142857142857,0.2,0.23529411764705882,0.2,0.2,0.2561505637027044,0.42857142857142855,0.15,0.2222222222222222,0.2,0.20476190476190478
6113879938573233819,Who has the highest number of likes on instagram?,sentence_s5,0,1237402,0.0,0.0,0.0,0.0,0.0,0.0,0.0,0.0,0.0,0.0,0.0,0.0,0.0,0.0,0.0,0.0,0.0,0.0,0.0,0.0,0.0,0.0,0.0,0.0,0.0,0.0,0.0,0.0,0.0,0.0,0.0,0.0,0.0,0.0,0.0,0.0
-3857791602197870808,Who becomes chief of police on the closer?,sentence_s5,0,1237402,1.0,1.0,0.6366824387328317,0.1,0.5,0.16666666666666669,1.0,0.25,1.0,0.4,1.0,1.0,0.7653606369886217,0.5,0.6666666666666666,0.5714285714285715,1.0,1.0,0.6366824387328317,0.5,0.4,0.4444444444444445,1.0,1.0,0.6366824387328317,0.5,0.2,0.28571428571428575,1.0,1.0,0.6366824387328317,0.5,0.1,0.16666666666666669,1.0,1.0
-6102374678194889758,List of highest runs in champion trophy 2017?,sentence_s5,0,1237402,0.0,0.0,0.0,0.0,0.0,0.0,0.0,0.0,0.0,0.0,0.0,0.0,0.0,0.0,0.0,0.0,0.0,0.0,0.0,0.0,0.0,0.0,0.0,0.0,0.0,0.0,0.0,0.0,0.0,0.0,0.0,0.0,0.0,0.0,0.0,0.0
2714015286907845703,Who is clara on when calls the heart?,sentence_s5,0,1237402,0.0,0.0,0.0,0.0,0.0,0.0,0.0,0.0,0.0,0.0,0.0,0.0,0.0,0.0,0.0,0.0,0.0,0.0,0.0,0.0,0.0,0.0,0.0,0.0,0.0,0.0,0.0,0.0,0.0,0.0,0.0,0.0,0.0,0.0,0.0,0.0
-876253858162782258,Most amount of points scored in an nba game?,sentence_s5,0,1237402,0.3333333333333333,0.3447409733124019,0.8326848765653413,0.35,1.75,0.5833333333333333,0.0,0.0,0.0,0.0,0.0,0.0,0.23463936301137822,0.25,0.3333333333333333,0.28571428571428575,0.3333333333333333,0.3333333333333333,0.19519002499605084,0.25,0.2,0.22222222222222224,0.3333333333333333,0.3333333333333333,0.43585732412284295,0.75,0.3,0.4285714285714285,0.3333333333333333,0.3055555555555555,0.8326848765653413,1.75,0.35,0.5833333333333333,0.3333333333333333,0.3447409733124019
-8489723227411518336,Who wrote the assyrian came down like a wolf on the fold?,sentence_s5,0,1237402,0.0,0.0,0.0,0.0,0.0,0.0,0.0,0.0,0.0,0.0,0.0,0.0,0.0,0.0,0.0,0.0,0.0,0.0,0.0,0.0,0.0,0.0,0.0,0.0,0.0,0.0,0.0,0.0,0.0,0.0,0.0,0.0,0.0,0.0,0.0,0.0
3808058542574693217,How many variations of power rangers are there?,sentence_s5,0,1237402,0.16666666666666666,0.2624784450442345,1.0215974194265023,0.3,3.0,0.5454545454545454,0.0,0.0,0.0,0.0,0.0,0.0,0.0,0.0,0.0,0.0,0.0,0.0,0.0,0.0,0.0,0.0,0.0,0.0,0.40298313359773236,1.0,0.2,0.33333333333333337,0.16666666666666666,0.19444444444444442,1.0215974194265023,3.0,0.3,0.5454545454545454,0.16666666666666666,0.2624784450442345
-7249252321180320967,When was the last burning at the stake in england?,sentence_s5,0,1237402,0.3333333333333333,0.3333333333333333,0.3065735963827292,0.05,0.5,0.09090909090909091,0.0,0.0,0.0,0.0,0.0,0.0,0.3065735963827292,0.5,0.3333333333333333,0.4,0.3333333333333333,0.3333333333333333,0.3065735963827292,0.5,0.2,0.28571428571428575,0.3333333333333333,0.3333333333333333,0.3065735963827292,0.5,0.1,0.16666666666666669,0.3333333333333333,0.3333333333333333,0.3065735963827292,0.5,0.05,0.09090909090909091,0.3333333333333333,0.3333333333333333
4440863336369184746,Who had most of asia in its sphere of interest after the treaty of saragossa?,sentence_s5,0,1237402,0.07692307692307693,0.07692307692307693,0.10253313861822189,0.05,0.25,0.08333333333333334,0.0,0.0,0.0,0.0,0.0,0.0,0.0,0.0,0.0,0.0,0.0,0.0,0.0,0.0,0.0,0.0,0.0,0.0,0.0,0.0,0.0,0.0,0.0,0.0,0.10253313861822189,0.25,0.05,0.08333333333333334,0.07692307692307693,0.07692307692307693
-4555140994124022586,When was the first altar built in the bible?,sentence_s5,0,1237402,1.0,1.0,0.6131471927654584,0.05,0.5,0.09090909090909091,1.0,0.5,1.0,0.6666666666666666,1.0,1.0,0.6131471927654584,0.5,0.3333333333333333,0.4,1.0,1.0,0.6131471927654584,0.5,0.2,0.28571428571428575,1.0,1.0,0.6131471927654584,0.5,0.1,0.16666666666666669,1.0,1.0,0.6131471927654584,0.5,0.05,0.09090909090909091,1.0,1.0
7344113401182381737,Who won the 3 point contest last year?,sentence_s5,0,1237402,0.3333333333333333,0.5641066048960787,0.8750006737317416,0.6,1.3333333333333333,0.8275862068965517,0.0,0.0,0.0,0.0,0.0,0.0,0.23463936301137822,0.1111111111111111,0.3333333333333333,0.16666666666666666,0.3333333333333333,0.3333333333333333,0.4468535299918563,0.3333333333333333,0.6,0.42857142857142855,0.3333333333333333,0.4777777777777777,0.5225271904629676,0.6666666666666666,0.6,0.631578947368421,0.3333333333333333,0.5148148148148148,0.8750006737317416,1.3333333333333333,0.6,0.8275862068965517,0.3333333333333333,0.5641066048960787
3579305903070298684,When did the 12 valve cummins come out?,sentence_s5,0,1237402,0.5,0.5,0.38685280723454163,0.05,0.5,0.09090909090909091,0.0,0.0,0.0,0.0,0.0,0.0,0.38685280723454163,0.5,0.3333333333333333,0.4,0.5,0.5,0.38685280723454163,0.5,0.2,0.28571428571428575,0.5,0.5,0.38685280723454163,0.5,0.1,0.16666666666666669,0.5,0.5,0.38685280723454163,0.5,0.05,0.09090909090909091,0.5,0.5
8920677267202726172,When was the last time miami won in foxboro?,sentence_s5,0,1237402,0.125,0.17456427015250545,0.2904253728785951,0.15,0.6,0.24,0.0,0.0,0.0,0.0,0.0,0.0,0.0,0.0,0.0,0.0,0.0,0.0,0.0,0.0,0.0,0.0,0.0,0.0,0.2090905274901754,0.4,0.2,0.26666666666666666,0.125,0.1736111111111111,0.2904253728785951,0.6,0.15,0.24,0.125,0.17456427015250545
-7430688674816652098,Who recorded this guys in love with you?,sentence_s5,0,1237402,0.5,0.41547619047619044,0.4870492059711249,0.2,0.6666666666666666,0.30769230769230765,0.0,0.0,0.0,0.0,0.0,0.0,0.2960819109658652,0.16666666666666666,0.3333333333333333,0.2222222222222222,0.5,0.5,0.21398626473452756,0.16666666666666666,0.2,0.1818181818181818,0.5,0.5,0.4870492059711249,0.6666666666666666,0.4,0.5,0.5,0.41547619047619044,0.4870492059711249,0.6666666666666666,0.2,0.30769230769230765,0.5,0.41547619047619044
-5077669686985410335,Who hit the last home run at three rivers stadium?,sentence_s5,0,1237402,0.0,0.0,0.0,0.0,0.0,0.0,0.0,0.0,0.0,0.0,0.0,0.0,0.0,0.0,0.0,0.0,0.0,0.0,0.0,0.0,0.0,0.0,0.0,0.0,0.0,0.0,0.0,0.0,0.0,0.0,0.0,0.0,0.0,0.0,0.0,0.0
1563058980825104994,Who won the first nascar race at indy?,sentence_s5,0,1237402,0.3333333333333333,0.20873015873015874,0.6031089146254095,0.15,1.5,0.2727272727272727,0.0,0.0,0.0,0.0,0.0,0.0,0.3065735963827292,0.5,0.3333333333333333,0.4,0.3333333333333333,0.3333333333333333,0.3065735963827292,0.5,0.2,0.28571428571428575,0.3333333333333333,0.3333333333333333,0.3065735963827292,0.5,0.1,0.16666666666666669,0.3333333333333333,0.3333333333333333,0.6031089146254095,1.5,0.15,0.2727272727272727,0.3333333333333333,0.20873015873015874
6023324052929614087,Who has the best winning percentage in nfl history?,sentence_s5,0,1237402,1.0,0.5844592928571257,0.9638548099311146,0.65,1.3,0.8666666666666667,1.0,0.1,1.0,0.18181818181818182,1.0,1.0,0.7039180890341347,0.2,0.6666666666666666,0.30769230769230765,1.0,0.8333333333333333,0.5087403079104241,0.2,0.4,0.26666666666666666,1.0,0.8333333333333333,0.4721567066247473,0.4,0.4,0.4000000000000001,1.0,0.6416666666666666,0.9638548099311146,1.3,0.65,0.8666666666666667,1.0,0.5844592928571257
-3562941926415682447,You're gonna miss me when i'm gone with cups?,sentence_s5,0,1237402,0.25,0.4264685366233354,1.3691264491951427,0.5,3.3333333333333335,0.8695652173913043,0.0,0.0,0.0,0.0,0.0,0.0,0.0,0.0,0.0,0.0,0.0,0.0,0.38364913903790027,0.6666666666666666,0.4,0.5,0.25,0.325,0.5400753810454857,1.0,0.3,0.4615384615384615,0.25,0.3595238095238095,1.3691264491951427,3.3333333333333335,0.5,0.8695652173913043,0.25,0.4264685366233354
-6812944997095026577,Who built the first zero turn lawn mower?,sentence_s5,0,1237402,1.0,1.0,0.46927872602275644,0.05,0.3333333333333333,0.08695652173913045,1.0,0.3333333333333333,1.0,0.5,1.0,1.0,0.46927872602275644,0.3333333333333333,0.3333333333333333,0.3333333333333333,1.0,1.0,0.46927872602275644,0.3333333333333333,0.2,0.25,1.0,1.0,0.46927872602275644,0.3333333333333333,0.1,0.15384615384615383,1.0,1.0,0.46927872602275644,0.3333333333333333,0.05,0.08695652173913045,1.0,1.0
5947334106839868987,Who won survivor heroes vs healers vs hustlers?,sentence_s5,0,1237402,1.0,0.9778223084105437,1.9776168076465475,0.75,3.0,1.2,1.0,0.2,1.0,0.33333333333333337,1.0,1.0,1.0,0.6,1.0,0.7499999999999999,1.0,1.0,1.0,1.0,1.0,1.0,1.0,1.0,1.5409945177788988,2.0,1.0,1.3333333333333333,1.0,1.0,1.9776168076465475,3.0,0.75,1.2,1.0,0.9778223084105437
-8985420883431850269,Number of movies released in india every year?,sentence_s5,0,1237402,0.0,0.0,0.0,0.0,0.0,0.0,0.0,0.0,0.0,0.0,0.0,0.0,0.0,0.0,0.0,0.0,0.0,0.0,0.0,0.0,0.0,0.0,0.0,0.0,0.0,0.0,0.0,0.0,0.0,0.0,0.0,0.0,0.0,0.0,0.0,0.0
-629735412357919761,Who shot rick's son in the walking dead?,sentence_s5,0,1237402,1.0,0.6155643252134481,1.1931572575754084,0.45,1.8,0.7200000000000001,1.0,0.2,1.0,0.33333333333333337,1.0,1.0,0.46927872602275644,0.2,0.3333333333333333,0.25,1.0,1.0,0.6164336326286644,0.6,0.6,0.6,1.0,0.7000000000000001,0.8393423304510702,1.0,0.5,0.6666666666666666,1.0,0.6644444444444444,1.1931572575754084,1.8,0.45,0.7200000000000001,1.0,0.6155643252134481
1788376579913394563,Who used the word psychology for the first time?,sentence_s5,0,1237402,0.2,0.2,0.08514311764162098,0.05,0.1,0.06666666666666667,0.0,0.0,0.0,0.0,0.0,0.0,0.0,0.0,0.0,0.0,0.0,0.0,0.13120507751234178,0.1,0.2,0.13333333333333333,0.2,0.2,0.08514311764162098,0.1,0.1,0.10000000000000002,0.2,0.2,0.08514311764162098,0.1,0.05,0.06666666666666667,0.2,0.2
8643312430506346423,Who threw the overalls in mistress murphy's chowder?,sentence_s5,0,1237402,1.0,0.8088235294117647,1.4536139370491394,0.2,2.0,0.36363636363636365,1.0,0.5,1.0,0.6666666666666666,1.0,1.0,1.3065735963827294,1.5,1.0,1.2,1.0,1.0,1.3065735963827294,1.5,0.6,0.857142857142857,1.0,1.0,1.3065735963827294,1.5,0.3,0.49999999999999994,1.0,1.0,1.4536139370491394,2.0,0.2,0.36363636363636365,1.0,0.8088235294117647
-6595933575843520860,Who's winning the alabama clemson football game?,sentence_s5,0,1237402,1.0,1.0,4.316720794691817,1.0,10.0,1.8181818181818181,1.0,0.5,1.0,0.6666666666666666,1.0,1.0,1.3065735963827294,1.5,1.0,1.2,1.0,1.0,1.8078394317246163,2.5,1.0,1.4285714285714286,1.0,1.0,2.7858706533121533,5.0,1.0,1.6666666666666667,1.0,1.0,4.316720794691817,10.0,1.0,1.8181818181818181,1.0,1.0
-1850565398832307454,What profile has the most followers on instagram?,sentence_s5,0,1237402,0.0,0.0,0.0,0.0,0.0,0.0,0.0,0.0,0.0,0.0,0.0,0.0,0.0,0.0,0.0,0.0,0.0,0.0,0.0,0.0,0.0,0.0,0.0,0.0,0.0,0.0,0.0,0.0,0.0,0.0,0.0,0.0,0.0,0.0,0.0,0.0
5020412065827011434,Who was eliminated on the voice december 12 2017?,sentence_s5,0,1237402,0.0,0.0,0.0,0.0,0.0,0.0,0.0,0.0,0.0,0.0,0.0,0.0,0.0,0.0,0.0,0.0,0.0,0.0,0.0,0.0,0.0,0.0,0.0,0.0,0.0,0.0,0.0,0.0,0.0,0.0,0.0,0.0,0.0,0.0,0.0,0.0
-2421616108468028515,Who was the chairman of the opening and closing ceremonies at the 1960 winter olympics?,sentence_s5,0,1237402,0.0,0.0,0.0,0.0,0.0,0.0,0.0,0.0,0.0,0.0,0.0,0.0,0.0,0.0,0.0,0.0,0.0,0.0,0.0,0.0,0.0,0.0,0.0,0.0,0.0,0.0,0.0,0.0,0.0,0.0,0.0,0.0,0.0,0.0,0.0,0.0
-7557360761999870489,Who has won the most old firm games?,sentence_s5,0,1237402,0.0,0.0,0.0,0.0,0.0,0.0,0.0,0.0,0.0,0.0,0.0,0.0,0.0,0.0,0.0,0.0,0.0,0.0,0.0,0.0,0.0,0.0,0.0,0.0,0.0,0.0,0.0,0.0,0.0,0.0,0.0,0.0,0.0,0.0,0.0,0.0
-5498835325048231687,Who won the ladies roar of the rings?,sentence_s5,0,1237402,0.0,0.0,0.0,0.0,0.0,0.0,0.0,0.0,0.0,0.0,0.0,0.0,0.0,0.0,0.0,0.0,0.0,0.0,0.0,0.0,0.0,0.0,0.0,0.0,0.0,0.0,0.0,0.0,0.0,0.0,0.0,0.0,0.0,0.0,0.0,0.0
8004203303826747554,Who played in the 1998 afl grand final?,sentence_s5,0,1237402,1.0,0.9229952795742269,1.2925092612204685,0.7,1.5555555555555556,0.9655172413793103,1.0,0.1111111111111111,1.0,0.19999999999999998,1.0,1.0,1.0,0.3333333333333333,1.0,0.5,1.0,1.0,1.0,0.5555555555555556,1.0,0.7142857142857143,1.0,1.0,0.9937947856332161,1.0,0.9,0.9473684210526316,1.0,0.9765432098765433,1.2925092612204685,1.5555555555555556,0.7,0.9655172413793103,1.0,0.9229952795742269
4706336055008623881,When was the first government formed in the world?,sentence_s5,0,1237402,0.06666666666666667,0.06666666666666667,0.11731968150568911,0.05,0.3333333333333333,0.08695652173913045,0.0,0.0,0.0,0.0,0.0,0.0,0.0,0.0,0.0,0.0,0.0,0.0,0.0,0.0,0.0,0.0,0.0,0.0,0.0,0.0,0.0,0.0,0.0,0.0,0.11731968150568911,0.3333333333333333,0.05,0.08695652173913045,0.06666666666666667,0.06666666666666667
-3567115157858987177,When does melinda tell sam she's jim?,sentence_s5,0,1237402,0.0,0.0,0.0,0.0,0.0,0.0,0.0,0.0,0.0,0.0,0.0,0.0,0.0,0.0,0.0,0.0,0.0,0.0,0.0,0.0,0.0,0.0,0.0,0.0,0.0,0.0,0.0,0.0,0.0,0.0,0.0,0.0,0.0,0.0,0.0,0.0
1582283260958361854,Who led investigation into the legality of apple’s accounting practices during the 2000s?,sentence_s5,0,1237402,0.0,0.0,0.0,0.0,0.0,0.0,0.0,0.0,0.0,0.0,0.0,0.0,0.0,0.0,0.0,0.0,0.0,0.0,0.0,0.0,0.0,0.0,0.0,0.0,0.0,0.0,0.0,0.0,0.0,0.0,0.0,0.0,0.0,0.0,0.0,0.0
-7186473871494873250,Who has the best head to head record against serena williams?,sentence_s5,0,1237402,0.14285714285714285,0.14285714285714285,0.15642624200758548,0.05,0.3333333333333333,0.08695652173913045,0.0,0.0,0.0,0.0,0.0,0.0,0.0,0.0,0.0,0.0,0.0,0.0,0.0,0.0,0.0,0.0,0.0,0.0,0.15642624200758548,0.3333333333333333,0.1,0.15384615384615383,0.14285714285714285,0.14285714285714285,0.15642624200758548,0.3333333333333333,0.05,0.08695652173913045,0.14285714285714285,0.14285714285714285
6939106340769221477,Recruited alex rogan video gamer to save the galaxy in the last starfighter?,sentence_s5,0,1237402,1.0,0.5833333333333334,0.778842958530688,0.1,1.0,0.18181818181818182,1.0,0.5,1.0,0.6666666666666666,1.0,1.0,0.6131471927654584,0.5,0.3333333333333333,0.4,1.0,1.0,0.6131471927654584,0.5,0.2,0.28571428571428575,1.0,1.0,0.6131471927654584,0.5,0.1,0.16666666666666669,1.0,1.0,0.778842958530688,1.0,0.1,0.18181818181818182,1.0,0.5833333333333334
3670630515927162191,Who has the highest batting average in baseball today?,sentence_s5,0,1237402,0.0,0.0,0.0,0.0,0.0,0.0,0.0,0.0,0.0,0.0,0.0,0.0,0.0,0.0,0.0,0.0,0.0,0.0,0.0,0.0,0.0,0.0,0.0,0.0,0.0,0.0,0.0,0.0,0.0,0.0,0.0,0.0,0.0,0.0,0.0,0.0
7775983008254057747,When was the first road to key west built?,sentence_s5,0,1237402,0.0,0.0,0.0,0.0,0.0,0.0,0.0,0.0,0.0,0.0,0.0,0.0,0.0,0.0,0.0,0.0,0.0,0.0,0.0,0.0,0.0,0.0,0.0,0.0,0.0,0.0,0.0,0.0,0.0,0.0,0.0,0.0,0.0,0.0,0.0,0.0
-1325148824515450104,Who plays rebeccas boyfriend in the a word?,sentence_s5,0,1237402,0.0,0.0,0.0,0.0,0.0,0.0,0.0,0.0,0.0,0.0,0.0,0.0,0.0,0.0,0.0,0.0,0.0,0.0,0.0,0.0,0.0,0.0,0.0,0.0,0.0,0.0,0.0,0.0,0.0,0.0,0.0,0.0,0.0,0.0,0.0,0.0
-6497990441806661535,What is the name of the restaurant that insults you?,sentence_s5,0,1237402,1.0,0.5575396825396824,0.8914977943473399,0.3,1.2,0.48,1.0,0.2,1.0,0.33333333333333337,1.0,1.0,0.46927872602275644,0.2,0.3333333333333333,0.25,1.0,1.0,0.48522855511632257,0.4,0.4,0.4000000000000001,1.0,0.75,0.7130329901830805,0.8,0.4,0.5333333333333333,1.0,0.625,0.8914977943473399,1.2,0.3,0.48,1.0,0.5575396825396824
1242902672434324284,Everybody loves raymond robert dates 22 year old?,sentence_s5,0,1237402,0.1111111111111111,0.1111111111111111,0.11751610475642714,0.05,0.25,0.08333333333333334,0.0,0.0,0.0,0.0,0.0,0.0,0.0,0.0,0.0,0.0,0.0,0.0,0.0,0.0,0.0,0.0,0.0,0.0,0.11751610475642714,0.25,0.1,0.14285714285714288,0.1111111111111111,0.1111111111111111,0.11751610475642714,0.25,0.05,0.08333333333333334,0.1111111111111111,0.1111111111111111
8480092557592561766,When will the man who killed don quixote be released?,sentence_s5,0,1237402,0.0,0.0,0.0,0.0,0.0,0.0,0.0,0.0,0.0,0.0,0.0,0.0,0.0,0.0,0.0,0.0,0.0,0.0,0.0,0.0,0.0,0.0,0.0,0.0,0.0,0.0,0.0,0.0,0.0,0.0,0.0,0.0,0.0,0.0,0.0,0.0
-8723650390763936267,What is the circulation of the globe and mail?,sentence_s5,0,1237402,0.0,0.0,0.0,0.0,0.0,0.0,0.0,0.0,0.0,0.0,0.0,0.0,0.0,0.0,0.0,0.0,0.0,0.0,0.0,0.0,0.0,0.0,0.0,0.0,0.0,0.0,0.0,0.0,0.0,0.0,0.0,0.0,0.0,0.0,0.0,0.0
3542376138806351681,What phenotype is associated with the genotype 47 xxy?,sentence_s5,0,1237402,0.0,0.0,0.0,0.0,0.0,0.0,0.0,0.0,0.0,0.0,0.0,0.0,0.0,0.0,0.0,0.0,0.0,0.0,0.0,0.0,0.0,0.0,0.0,0.0,0.0,0.0,0.0,0.0,0.0,0.0,0.0,0.0,0.0,0.0,0.0,0.0
-6038783773377001158,When did jane and chris win the olympics?,sentence_s5,0,1237402,0.07142857142857142,0.13075396825396826,0.4602335356776323,0.15,1.5,0.2727272727272727,0.0,0.0,0.0,0.0,0.0,0.0,0.0,0.0,0.0,0.0,0.0,0.0,0.0,0.0,0.0,0.0,0.0,0.0,0.0,0.0,0.0,0.0,0.0,0.0,0.4602335356776323,1.5,0.15,0.2727272727272727,0.07142857142857142,0.13075396825396826
-6007347717208405010,Why is there a moon on the outhouse door?,sentence_s5,0,1237402,1.0,1.0,1.0,0.1,1.0,0.18181818181818182,1.0,0.5,1.0,0.6666666666666666,1.0,1.0,1.0,1.0,0.6666666666666666,0.8,1.0,1.0,1.0,1.0,0.4,0.5714285714285715,1.0,1.0,1.0,1.0,0.2,0.33333333333333337,1.0,1.0,1.0,1.0,0.1,0.18181818181818182,1.0,1.0
-3192820892937884675,Who is the winner of zumbo's just desserts?,sentence_s5,0,1237402,0.0,0.0,0.0,0.0,0.0,0.0,0.0,0.0,0.0,0.0,0.0,0.0,0.0,0.0,0.0,0.0,0.0,0.0,0.0,0.0,0.0,0.0,0.0,0.0,0.0,0.0,0.0,0.0,0.0,0.0,0.0,0.0,0.0,0.0,0.0,0.0
-8587207002552933804,Real world cast go big or go home?,sentence_s5,0,1237402,0.1111111111111111,0.2593045298927652,0.48864487651452926,0.3,1.0,0.4615384615384615,0.0,0.0,0.0,0.0,0.0,0.0,0.0,0.0,0.0,0.0,0.0,0.0,0.0,0.0,0.0,0.0,0.0,0.0,0.17856411732486627,0.3333333333333333,0.2,0.25,0.1111111111111111,0.15555555555555556,0.48864487651452926,1.0,0.3,0.4615384615384615,0.1111111111111111,0.2593045298927652
1681931166694925579,When did they get rid of figures in figure skating?,sentence_s5,0,1237402,0.5,0.45,0.4776237035032179,0.1,0.6666666666666666,0.1739130434782609,0.0,0.0,0.0,0.0,0.0,0.0,0.2960819109658652,0.3333333333333333,0.3333333333333333,0.3333333333333333,0.5,0.5,0.4776237035032179,0.6666666666666666,0.4,0.5,0.5,0.45,0.4776237035032179,0.6666666666666666,0.2,0.30769230769230765,0.5,0.45,0.4776237035032179,0.6666666666666666,0.1,0.1739130434782609,0.5,0.45
7391126470541357472,When do doug and carol get married in er?,sentence_s5,0,1237402,0.0,0.0,0.0,0.0,0.0,0.0,0.0,0.0,0.0,0.0,0.0,0.0,0.0,0.0,0.0,0.0,0.0,0.0,0.0,0.0,0.0,0.0,0.0,0.0,0.0,0.0,0.0,0.0,0.0,0.0,0.0,0.0,0.0,0.0,0.0,0.0
3475080409674051393,What country has the lowest rate of homelessness?,sentence_s5,0,1237402,1.0,0.5625,0.42213593335873517,0.1,0.4,0.16000000000000003,1.0,0.2,1.0,0.33333333333333337,1.0,1.0,0.46927872602275644,0.2,0.3333333333333333,0.25,1.0,1.0,0.3391602052736161,0.2,0.2,0.20000000000000004,1.0,1.0,0.3391602052736161,0.2,0.1,0.13333333333333333,1.0,1.0,0.42213593335873517,0.4,0.1,0.16000000000000003,1.0,0.5625
-1696066045378969622,Who sings what condition my condition is in?,sentence_s5,0,1237402,0.0,0.0,0.0,0.0,0.0,0.0,0.0,0.0,0.0,0.0,0.0,0.0,0.0,0.0,0.0,0.0,0.0,0.0,0.0,0.0,0.0,0.0,0.0,0.0,0.0,0.0,0.0,0.0,0.0,0.0,0.0,0.0,0.0,0.0,0.0,0.0
